customer_id,month,tenure,monthly_usage,support_tickets,churn_next_month
0,1,29,55.149945283850386,2,0
1,1,24,45.87656184321331,1,0
2,1,30,46.152974927811876,0,0
3,1,22,46.59864154257482,0,0
4,1,27,42.69735103732461,1,0
5,1,3,53.31397866076219,3,1
6,1,14,45.997969199152706,0,0
7,1,7,58.37951856837311,2,0
8,1,4,52.47090876003804,1,1
9,1,26,35.12263900896179,1,1
10,1,31,42.727317257079136,2,0
11,1,29,38.1336462917049,1,1
12,1,24,38.29546564330789,0,0
13,1,8,44.43495206290389,2,0
14,1,28,53.45010745122851,1,0
15,1,24,58.60436101697887,2,0
16,1,35,53.69308820038107,3,0
17,1,15,45.639041963159,0,0
18,1,32,39.44999633126878,2,0
19,1,29,59.13993293871536,1,0
20,1,22,53.14447396516458,1,0
21,1,20,57.97304306968756,4,0
22,1,27,60.98986896111644,1,0
23,1,9,48.464378633395036,2,0
24,1,32,65.88948720968423,3,0
25,1,17,52.19662250265471,2,0
26,1,32,49.26111228175102,0,0
27,1,32,53.212378738668896,2,0
28,1,17,44.38537725320245,3,1
29,1,6,61.872125751461425,2,0
30,1,26,38.39469255147094,1,0
31,1,18,51.34850379844821,3,0
32,1,35,45.795069638136546,2,1
33,1,12,46.62030816373934,2,0
34,1,19,54.975532524935176,3,0
35,1,20,53.17587738586548,2,1
36,1,18,52.19866409593177,2,0
37,1,33,41.06516086112609,1,0
38,1,8,54.1958899524516,1,0
39,1,22,58.32428467969608,2,1
40,1,27,35.30899032012319,3,0
41,1,4,44.021139775098845,0,0
42,1,17,50.70733344174405,2,1
43,1,29,52.32478964091618,4,0
44,1,23,49.910368001517845,1,1
45,1,3,36.80744452662709,1,0
46,1,22,40.35441956767127,1,1
47,1,9,44.79390525545861,2,1
48,1,35,56.054378649311836,0,0
49,1,20,39.31279344500774,4,0
50,1,2,65.91638124901266,1,1
51,1,22,45.39356212622882,1,0
52,1,6,53.635356680957294,2,1
53,1,4,35.75749929237955,1,0
54,1,35,61.70748392761363,2,0
55,1,19,57.430127820839,1,0
56,1,23,65.05032861621093,0,1
57,1,34,45.38067465828195,1,0
58,1,1,67.77724957610107,1,0
59,1,22,59.059722084409174,0,0
60,1,5,48.55476099727343,1,0
61,1,26,45.96819264401801,2,0
62,1,23,48.204836419460804,0,1
63,1,32,54.99687200504407,2,0
64,1,2,51.35841667992015,2,0
65,1,33,47.71749122510592,5,0
66,1,12,53.04793494188026,0,0
67,1,26,45.81840384143525,2,0
68,1,11,53.696111295539765,2,0
69,1,35,55.45051307228579,2,0
70,1,24,52.243940043996375,1,0
71,1,35,59.368332192940066,0,0
72,1,20,46.61449525130312,2,1
73,1,12,58.393143902247985,3,0
74,1,16,36.46363919891828,2,1
75,1,14,47.225811905680736,3,0
76,1,12,57.911874354217225,3,0
77,1,27,54.768513865806995,1,0
78,1,19,59.28553970544241,1,1
79,1,4,52.699882012975515,2,0
80,1,27,44.46624017075536,1,0
81,1,20,41.424185164396434,0,0
82,1,1,41.96622569162293,1,0
83,1,33,56.89257473038077,2,1
84,1,21,49.455433686355754,1,0
85,1,14,53.081402597197226,2,0
86,1,23,68.31842346574138,1,0
87,1,28,44.333613717158784,0,1
88,1,27,53.53404780621727,2,0
89,1,35,65.80936671372709,4,1
90,1,5,50.211111073664746,2,0
91,1,25,48.54223048810231,4,0
92,1,6,53.539655344060115,5,0
93,1,9,66.09223685207542,0,1
94,1,13,53.4653863587186,1,0
95,1,26,48.736782683651654,2,0
96,1,1,67.2859833990559,2,0
97,1,15,64.84272673954564,6,0
98,1,15,57.888508481969225,1,0
99,1,30,49.703377431665174,3,1
100,1,10,51.82432854846768,1,0
101,1,11,46.949293205762196,0,0
102,1,16,41.9899847612231,2,0
103,1,19,54.70138619938635,2,0
104,1,6,49.943757120363536,0,0
105,1,14,42.518061420645004,1,0
106,1,22,57.61083411680408,1,0
107,1,22,45.837090219715584,1,0
108,1,2,57.611216739030624,3,0
109,1,35,42.896513233627665,1,0
110,1,28,45.62741692605979,0,1
111,1,20,42.14761597108484,1,0
112,1,18,51.418946461180944,2,0
113,1,6,43.90972638937389,2,0
114,1,6,39.611459409446866,0,0
115,1,4,55.303753893524565,1,1
116,1,24,30.777923826702274,1,0
117,1,28,56.277137612441344,1,1
118,1,30,54.80733750099505,3,0
119,1,6,42.97955804161159,2,1
120,1,12,52.877780013771854,1,0
121,1,13,43.56546699916473,1,0
122,1,10,66.77606525474356,0,0
123,1,20,66.67193702147947,1,0
124,1,11,69.91902617774659,1,1
125,1,14,45.9646841749463,2,0
126,1,1,54.70435263502999,1,1
127,1,14,63.441072760601614,2,0
128,1,14,33.13514758660898,3,0
129,1,33,53.68622739738743,2,1
130,1,2,57.93928655852169,1,1
131,1,7,51.564963567115136,2,1
132,1,33,58.52737606367672,1,0
133,1,27,51.456438969222376,1,0
134,1,10,63.936769368859544,0,0
135,1,24,50.48950173823979,2,0
136,1,4,58.51080254972289,3,0
137,1,11,58.588459580160986,2,0
138,1,26,52.24424673444345,1,1
139,1,12,71.9485726671884,0,1
140,1,5,52.5348882958635,0,0
141,1,9,54.33693332250778,4,0
142,1,21,47.5803911309853,2,0
143,1,15,47.36689571945927,1,0
144,1,26,42.703164997918655,2,0
145,1,34,37.561146625073846,2,1
146,1,24,41.245836585233974,0,0
147,1,29,53.01745263486997,2,0
148,1,7,50.503712690247056,3,0
149,1,32,54.235585963069354,0,0
150,1,19,47.21578288159815,2,0
151,1,1,33.807215405358605,2,0
152,1,30,41.37977307780051,0,1
153,1,3,52.429614385110796,1,0
154,1,33,58.28542714517969,0,0
155,1,24,60.972440759953265,0,0
156,1,8,51.58996622109868,0,0
157,1,8,49.75723883210233,0,0
158,1,14,60.79844255528972,2,0
159,1,18,54.16259669747616,0,0
160,1,23,53.44255254594093,3,0
161,1,3,57.7600792605126,1,0
162,1,30,58.3977286447675,2,0
163,1,30,47.91210016595281,3,0
164,1,14,57.7579235218273,1,0
165,1,4,59.256999466850466,0,1
166,1,34,37.76325611218938,3,0
167,1,21,55.214909242476004,1,0
168,1,34,64.12379555570061,0,1
169,1,26,58.914960520145044,2,0
170,1,1,52.294134115816625,1,0
171,1,35,44.75693654117342,3,0
172,1,20,53.0684645648873,2,0
173,1,2,48.55507187068148,0,0
174,1,17,64.03982700589268,2,0
175,1,30,45.16576695528085,0,0
176,1,17,50.20453256719963,0,0
177,1,24,55.76537678040542,4,1
178,1,18,38.587585106418025,2,0
179,1,7,50.33676074129772,3,0
180,1,7,54.37311785213669,5,1
181,1,17,49.09382099227366,2,0
182,1,3,42.46012100618289,1,0
183,1,4,61.02341463390532,2,1
184,1,2,56.50719672164357,4,0
185,1,16,51.176137704989955,4,0
186,1,30,50.72908781874898,2,0
187,1,1,49.72261796733922,1,0
188,1,24,45.611585151525034,6,0
189,1,8,57.214858656321326,3,0
190,1,34,47.47306126870572,4,0
191,1,20,49.9676019456029,1,0
192,1,18,44.14115541516617,1,0
193,1,25,54.57132445109123,2,1
194,1,3,49.35207408848221,0,1
195,1,9,36.70509006368209,3,0
196,1,8,48.91634622236245,2,1
197,1,13,51.61703136696826,2,0
198,1,3,61.3909984302977,1,1
199,1,19,41.74547086293843,2,0
0,2,13,55.61933305749622,3,1
1,2,31,58.45956745373925,1,0
2,2,30,64.13846293311161,1,0
3,2,27,54.34487266361407,2,0
4,2,24,49.83042134619361,1,0
5,2,34,53.11776706846447,2,0
6,2,4,55.749117180908534,1,1
7,2,17,46.602346214703175,1,0
8,2,18,54.53681813430454,0,0
9,2,6,47.393556901496346,2,0
10,2,34,40.01588879667005,0,0
11,2,29,34.009552347039346,2,0
12,2,11,49.82069777235547,3,0
13,2,3,42.42433097013249,1,1
14,2,34,41.58768460647645,3,1
15,2,8,63.15011683258608,4,0
16,2,3,50.30699403630023,0,0
17,2,20,40.86980263185371,1,0
18,2,22,38.868762820029694,2,0
19,2,18,56.11760850028925,3,0
20,2,25,54.57705112874529,0,0
21,2,24,55.43097731145469,0,0
22,2,32,51.48770312525511,1,0
23,2,33,48.534539856111415,1,0
24,2,33,47.83113462157841,2,0
25,2,15,60.20099420173831,0,0
26,2,11,65.2135696682677,1,1
27,2,8,62.6651600069782,2,1
28,2,7,56.81127424741618,3,0
29,2,14,67.41235418982582,0,0
30,2,23,49.21357204358843,2,0
31,2,29,68.9092519937979,3,0
32,2,22,55.64792887967628,1,0
33,2,29,35.62070925232395,1,1
34,2,30,50.865925408003996,4,0
35,2,32,55.62231776832605,1,0
36,2,2,62.1355485058605,2,0
37,2,3,55.11442206145177,3,0
38,2,30,47.19755876923664,1,0
39,2,14,46.227013056495586,1,0
40,2,6,40.99938823251162,2,0
41,2,12,60.184417272025016,0,1
42,2,31,52.214575128482046,2,0
43,2,12,41.33606220649145,1,0
44,2,12,61.316074282442784,3,0
45,2,14,50.88381911801676,0,0
46,2,20,52.79341808275949,1,0
47,2,33,47.77855883284634,1,0
48,2,24,39.24428405114826,1,0
49,2,23,55.627432660815025,0,0
50,2,16,52.110850410673144,0,0
51,2,8,52.564719471125684,0,0
52,2,22,58.04154139824759,2,0
53,2,26,41.84821981971099,2,1
54,2,4,42.986715934578676,2,0
55,2,28,56.94726368753892,0,0
56,2,9,48.923939949146025,1,0
57,2,4,53.249527856234614,4,1
58,2,24,59.43674360672693,2,0
59,2,19,40.92156929424819,1,0
60,2,35,64.73612128109096,2,0
61,2,2,59.67853671474107,1,0
62,2,12,52.316865279420874,1,0
63,2,23,42.14884813360959,3,0
64,2,16,57.67142871829412,2,1
65,2,22,53.84953139175501,0,0
66,2,4,44.63541906990595,2,0
67,2,30,43.72582099765997,1,0
68,2,25,43.13088520482335,2,0
69,2,20,52.10532367445739,3,0
70,2,13,61.249227165364736,1,0
71,2,10,54.6717724203749,0,0
72,2,8,54.1339364704355,1,0
73,2,10,63.67729966716833,2,0
74,2,5,55.79490197802328,1,0
75,2,15,45.7207166841776,1,0
76,2,9,63.27594882706818,2,0
77,2,3,38.11751248990448,1,1
78,2,11,54.02148279196789,1,0
79,2,33,47.32681320249523,2,0
80,2,4,61.50839963929546,1,0
81,2,8,49.88053995211686,3,0
82,2,6,50.451901245156705,2,0
83,2,22,47.3707039733027,2,0
84,2,16,39.15194613781054,1,0
85,2,8,37.02476213878117,2,0
86,2,5,58.52253521616304,1,0
87,2,22,57.7127686279702,0,0
88,2,33,52.843418645943494,0,0
89,2,33,71.32587164335943,1,0
90,2,2,52.29749123365144,1,0
91,2,4,57.26471297485341,1,1
92,2,15,52.25463486838052,4,0
93,2,9,50.80888277447086,1,0
94,2,35,51.82544925895303,2,0
95,2,31,51.52704802684637,3,0
96,2,6,48.6262967736568,0,0
97,2,25,43.661493871711244,1,0
98,2,32,56.860156859967,3,0
99,2,2,52.73640755459687,1,0
100,2,19,47.099197746770464,3,0
101,2,9,46.78733054868579,0,0
102,2,7,48.49458545167017,4,0
103,2,35,52.9633297790039,1,0
104,2,22,49.73862473184001,3,0
105,2,13,43.22817645900457,0,0
106,2,21,50.62122477887116,1,0
107,2,26,48.11874721716199,0,1
108,2,18,33.17842408364227,1,1
109,2,13,48.04043391900263,0,0
110,2,9,50.01756251282795,2,1
111,2,34,48.56194128015807,1,0
112,2,17,51.856033192526134,0,0
113,2,1,45.572657037230535,1,0
114,2,23,48.67742758950313,0,0
115,2,5,53.07744244691927,1,0
116,2,11,46.71288086745129,2,0
117,2,10,61.15625499605156,0,0
118,2,28,52.992148452964834,2,0
119,2,4,53.56587186337083,3,1
120,2,21,51.01544825274342,0,0
121,2,32,43.063867308656995,3,0
122,2,18,46.8417899635547,1,0
123,2,22,41.34961861218516,2,0
124,2,21,58.483787906877964,3,0
125,2,21,46.93538049144849,3,0
126,2,22,44.97229784825818,2,0
127,2,27,58.87472014484301,2,0
128,2,22,70.00328068357577,1,0
129,2,29,60.203464504840305,0,0
130,2,25,46.620974440073574,1,0
131,2,5,55.42471997301965,2,1
132,2,34,53.68530266520326,2,0
133,2,13,40.395936317800455,3,1
134,2,14,40.00114747615275,0,0
135,2,19,42.749534550173266,2,0
136,2,24,47.934904102290126,1,0
137,2,10,48.73826254184605,2,0
138,2,7,69.31401218769821,0,0
139,2,4,49.23186218136082,0,0
140,2,30,46.60168362452758,2,0
141,2,12,58.22280076769935,4,0
142,2,33,50.93855451325841,5,0
143,2,27,50.62601993293373,5,0
144,2,10,52.72708997528963,2,0
145,2,5,37.45248507549719,1,1
146,2,10,52.85102498334622,1,1
147,2,35,54.255773871627866,3,0
148,2,31,51.170043928247,0,0
149,2,30,58.103656898925195,0,0
150,2,28,43.04599524838274,2,1
151,2,20,36.10785012393507,2,0
152,2,27,57.49475117673947,0,0
153,2,20,49.3493795430543,0,1
154,2,21,50.72360566824637,1,1
155,2,18,46.767901800598985,0,0
156,2,24,41.44248010341514,2,0
157,2,4,43.012258578084385,1,0
158,2,33,43.473425448172826,2,0
159,2,17,52.09343879878377,1,1
160,2,10,55.09247843326134,1,0
161,2,22,58.83147872868956,2,0
162,2,35,46.43228656700372,0,0
163,2,22,45.206463946797975,0,0
164,2,15,49.26550984867565,2,0
165,2,3,39.09447353042675,3,0
166,2,25,45.093162817688665,1,0
167,2,8,49.95775780644017,2,0
168,2,9,57.72312171336347,1,0
169,2,12,50.06542833434689,0,0
170,2,3,71.94934316241222,0,0
171,2,32,53.0624552736427,1,0
172,2,6,54.32094165123716,2,0
173,2,30,47.26025546635043,1,1
174,2,31,44.70463697587342,1,0
175,2,20,54.50836752549888,1,0
176,2,28,53.76779631076954,2,0
177,2,9,54.03354335642737,1,1
178,2,28,38.60834232991167,0,0
179,2,33,52.89250410751991,1,0
180,2,18,57.708728804958845,2,0
181,2,15,61.65647965351275,1,0
182,2,34,61.157393154624174,0,0
183,2,9,42.62895489540172,2,0
184,2,3,52.611036636371296,1,0
185,2,14,67.11143199246628,2,0
186,2,15,54.878549255428105,2,0
187,2,14,49.66993876305166,2,1
188,2,14,48.57879310932355,1,1
189,2,22,51.468809789953696,3,0
190,2,20,51.91092449638851,2,0
191,2,14,52.83452665306869,1,0
192,2,17,36.51839958383106,1,0
193,2,30,49.22986045192895,1,1
194,2,2,59.202460735788605,1,0
195,2,29,65.2849069806554,2,0
196,2,21,45.72969620971709,2,0
197,2,9,51.888507131757024,4,0
198,2,12,50.993411027853895,0,0
199,2,29,58.60406384409207,0,1
0,3,20,57.03927173977536,1,0
1,3,12,61.99726940686854,3,0
2,3,1,47.411156520566344,1,0
3,3,6,40.009896623013766,0,0
4,3,1,41.08037911426848,2,0
5,3,13,31.65483052526606,2,1
6,3,20,49.92632738360109,3,1
7,3,9,46.38274875527533,2,0
8,3,13,50.051689262739465,2,0
9,3,19,53.30507390143977,3,0
10,3,26,53.55894131726044,1,0
11,3,18,47.481817078744655,0,0
12,3,20,50.75829620400643,2,0
13,3,10,59.263064849051446,2,0
14,3,9,60.02509307130596,1,1
15,3,3,54.69699332161459,1,0
16,3,12,51.37169990848855,1,0
17,3,31,37.345207636018884,2,0
18,3,18,46.490953503791445,3,0
19,3,3,51.05555947449308,3,0
20,3,33,63.576636005866526,0,0
21,3,1,77.09724120158724,1,0
22,3,18,41.09865265463178,0,0
23,3,5,62.10653127348513,3,0
24,3,5,43.48201834140089,0,0
25,3,27,53.18140684448223,0,0
26,3,15,43.63101580209545,2,0
27,3,6,52.11203670418206,3,1
28,3,17,39.832990783452004,1,0
29,3,34,43.385860248721556,0,0
30,3,23,37.99153812677809,1,0
31,3,21,48.058609602127824,2,0
32,3,24,48.224785486534756,2,0
33,3,24,56.91851319746344,1,0
34,3,28,56.04048911151172,1,0
35,3,34,58.4861819973649,3,0
36,3,28,53.69086339714006,1,1
37,3,19,49.24161949660722,1,0
38,3,6,38.21574025434495,1,1
39,3,15,62.49537200571193,3,1
40,3,27,61.95165007990622,3,0
41,3,17,49.70481739533207,1,0
42,3,3,57.148453778246896,2,0
43,3,29,28.876890922685757,0,1
44,3,10,49.12031596917781,2,0
45,3,30,46.423375365586864,0,1
46,3,8,62.07412888774991,0,0
47,3,8,40.883487572990525,5,0
48,3,14,39.27786688619747,0,0
49,3,3,39.33953277606325,3,0
50,3,16,46.672665193931735,2,0
51,3,26,55.08928037020833,1,0
52,3,3,59.03579873545399,1,0
53,3,30,50.84939088981757,3,0
54,3,17,57.82355027962139,3,0
55,3,28,55.648681576129874,1,0
56,3,30,43.154996146649104,2,0
57,3,18,52.922145562740425,2,0
58,3,31,56.882451530584845,4,0
59,3,29,47.47497060401948,2,0
60,3,34,60.61937228271019,3,1
61,3,17,47.0902369841623,2,0
62,3,10,49.08433518583739,1,0
63,3,11,47.53131131194863,3,1
64,3,12,32.99828577701919,2,0
65,3,35,52.15862666696692,1,0
66,3,18,35.08228599751671,3,0
67,3,23,63.10897387512361,1,0
68,3,7,55.37734945177676,1,0
69,3,1,47.70001748022605,2,0
70,3,10,44.99344653481936,1,1
71,3,2,53.21085369237241,0,0
72,3,10,57.67225079097922,2,0
73,3,26,50.19591767625279,2,0
74,3,28,50.49843900248287,1,0
75,3,33,53.937878113561844,1,0
76,3,12,53.718086729892136,1,1
77,3,33,52.80710161484814,1,0
78,3,4,54.783159331829516,3,0
79,3,4,56.930247037738965,6,0
80,3,26,49.398428957408505,3,0
81,3,4,49.85827922595013,2,0
82,3,24,54.808355810195614,0,0
83,3,26,66.3601314399023,0,0
84,3,11,51.594094036751954,2,1
85,3,5,48.04902507376547,4,0
86,3,3,50.79400669157709,1,1
87,3,11,42.542861361481336,2,1
88,3,16,52.16452215272407,3,0
89,3,18,70.62666423329307,1,0
90,3,26,45.82054738196109,4,1
91,3,30,62.93567069349363,1,0
92,3,17,54.25724759793628,2,0
93,3,28,42.77493918386646,2,0
94,3,2,63.50115445646126,1,0
95,3,13,52.92876447724618,0,1
96,3,27,52.3423996336773,2,0
97,3,30,57.32024155017855,3,0
98,3,29,36.63916945830532,1,0
99,3,20,59.54077870639447,0,0
100,3,11,45.96822080954418,1,0
101,3,29,58.36870495631747,2,0
102,3,12,45.959126080909655,4,1
103,3,20,60.06305782541581,1,0
104,3,19,48.959206369904436,2,1
105,3,1,53.090842524002966,3,0
106,3,24,60.86803440360942,2,0
107,3,5,48.55698007215742,2,0
108,3,6,46.54789276882936,1,0
109,3,4,44.21443590945364,2,1
110,3,5,57.12886890830834,2,0
111,3,16,63.574785614506624,2,0
112,3,31,53.46605787089022,1,0
113,3,17,38.40623965591832,1,0
114,3,21,64.05367960049435,1,1
115,3,24,54.89451346781808,0,0
116,3,6,54.24056607353121,2,1
117,3,29,56.381944712731155,0,0
118,3,20,60.86565637555126,3,0
119,3,32,59.90048097763812,2,0
120,3,35,51.91768806886711,1,0
121,3,33,56.038361357139046,1,0
122,3,27,44.104391952200466,3,1
123,3,25,52.014351348103496,0,0
124,3,23,60.139901993909106,1,0
125,3,3,47.91251828621002,3,0
126,3,33,38.19011813681344,1,0
127,3,33,55.66922249184537,3,0
128,3,19,48.31732013433802,1,1
129,3,20,54.093997744649016,2,0
130,3,29,50.045881025651546,1,1
131,3,26,48.17570401717636,2,0
132,3,28,64.50878379722222,2,0
133,3,3,47.493113499853735,1,0
134,3,24,54.05813863519155,1,0
135,3,20,52.95475469629,1,0
136,3,20,53.31697207359991,2,0
137,3,9,45.392803378271125,2,0
138,3,2,50.680717158799375,3,0
139,3,4,54.61434759460231,3,0
140,3,32,45.48487143268655,3,0
141,3,9,51.27257668577904,2,0
142,3,20,57.09710147370278,1,1
143,3,33,43.37221096201962,1,0
144,3,11,66.04011317765624,2,1
145,3,10,49.99357350226457,2,0
146,3,3,63.73616330385301,2,0
147,3,9,57.85071602548487,1,0
148,3,28,60.39463768991803,3,0
149,3,15,50.503384072915374,0,1
150,3,22,56.12467213232826,1,0
151,3,24,63.142993703595295,1,0
152,3,14,52.17033127830217,1,0
153,3,10,51.17009942138224,4,1
154,3,1,43.718795787537616,2,0
155,3,24,45.796715760168354,4,0
156,3,16,60.9190139143219,1,1
157,3,23,35.27787296977617,4,0
158,3,23,56.844101170737986,1,0
159,3,21,45.05050790811124,3,0
160,3,17,64.97793733215723,1,0
161,3,34,47.75666522225576,2,0
162,3,19,61.99068237369085,3,1
163,3,3,46.08059179769392,2,0
164,3,13,55.02256938274468,1,0
165,3,29,59.79416111630264,3,0
166,3,3,52.70590395968023,1,1
167,3,25,40.81126868293165,3,0
168,3,16,62.35598460816846,3,0
169,3,14,53.45616738094046,2,0
170,3,11,50.92332269403747,2,0
171,3,22,46.814435735267125,1,0
172,3,15,53.93231439555864,0,0
173,3,15,47.92206021123614,2,0
174,3,3,42.365609096513985,0,0
175,3,11,40.63272994249921,2,0
176,3,9,54.54827189171847,0,0
177,3,32,64.5040741280319,1,0
178,3,29,65.02430005642479,1,0
179,3,16,43.59087769617942,4,0
180,3,12,66.87445079786488,1,0
181,3,2,50.65563283686101,3,0
182,3,2,51.07383041918836,2,0
183,3,3,43.746020101609275,3,0
184,3,13,60.7151604243371,0,0
185,3,15,56.373317873819,2,0
186,3,20,44.33156252739033,0,0
187,3,6,36.69899446661937,3,1
188,3,6,41.53742030369956,2,0
189,3,18,49.81948172718418,2,0
190,3,27,58.45430943989585,3,0
191,3,35,57.299750352108816,0,0
192,3,11,44.14612336162791,0,0
193,3,35,61.306884047551506,2,0
194,3,4,66.55017426607536,1,0
195,3,24,48.46285187843198,1,0
196,3,5,61.34766115878301,2,0
197,3,18,56.794525156465824,2,1
198,3,5,53.659583399686134,1,0
199,3,1,48.5091448516015,2,0
0,4,22,42.633409808968345,1,0
1,4,33,71.09026920636789,5,0
2,4,30,54.91653922698812,2,0
3,4,22,60.95218698895031,1,0
4,4,17,60.65257014944852,2,1
5,4,27,55.2901334730552,2,1
6,4,20,58.706133872406774,4,0
7,4,12,45.02847501873127,3,0
8,4,7,47.92318185184614,1,0
9,4,15,47.56105236947608,0,1
10,4,8,39.58229387135991,2,0
11,4,10,49.49747450928391,1,0
12,4,32,54.79437847993651,0,1
13,4,23,55.49383871267033,0,0
14,4,11,64.01622780944572,0,0
15,4,24,55.457499259443416,1,0
16,4,17,55.704397679305174,2,0
17,4,22,52.89872045179648,5,0
18,4,13,43.725118621503825,2,0
19,4,19,49.20492561126903,1,0
20,4,16,48.99070117162009,1,0
21,4,17,37.485659822115096,3,1
22,4,4,46.17383941061308,0,1
23,4,30,60.89565295644303,2,1
24,4,32,44.36109765549984,2,0
25,4,31,54.96433141611094,3,0
26,4,21,50.31481670347047,1,1
27,4,20,57.51135348114988,1,0
28,4,1,47.483623932233044,2,0
29,4,8,51.10635945857419,3,1
30,4,16,64.17693477257897,3,0
31,4,18,58.05796362946725,0,0
32,4,21,54.25135475233081,1,0
33,4,31,49.9401826286811,0,0
34,4,30,36.527096484011295,1,0
35,4,34,66.99757319808887,1,0
36,4,14,54.998790528365106,1,0
37,4,31,57.08371619717394,2,0
38,4,23,51.610877922751776,2,0
39,4,35,58.26374120480647,1,0
40,4,2,57.24323418744798,1,0
41,4,28,54.76676197608549,4,0
42,4,13,60.20837434023836,2,0
43,4,28,64.98136540600785,1,0
44,4,12,49.45252921375707,1,0
45,4,16,43.96244205893707,2,0
46,4,34,42.69107883136747,0,0
47,4,3,60.03046849847255,1,0
48,4,12,50.04030242802744,3,0
49,4,1,57.80271091292468,3,1
50,4,22,52.74768204814613,0,0
51,4,15,42.78208632786942,1,0
52,4,5,49.911537665063655,1,0
53,4,21,52.15240622252422,4,0
54,4,8,56.93372987204146,0,0
55,4,29,57.25093582021004,2,0
56,4,30,50.29031160729963,4,0
57,4,30,57.018805117891795,2,0
58,4,31,54.2360036080648,1,0
59,4,1,50.78692893171792,0,0
60,4,21,51.17335735076043,2,0
61,4,26,54.373130274379704,0,0
62,4,14,54.2633491340022,0,0
63,4,15,59.88383377458314,2,0
64,4,35,52.063939095763786,2,0
65,4,18,47.1291829516989,3,0
66,4,15,58.08172935671378,1,0
67,4,35,54.45578368774748,3,0
68,4,1,65.96838793116444,2,0
69,4,4,50.34609149392778,1,1
70,4,4,43.60112222256322,2,0
71,4,31,50.86195827644928,3,1
72,4,16,64.9156344981384,2,0
73,4,23,48.707296517013766,3,0
74,4,23,30.4521176635858,1,0
75,4,10,53.3639441034082,2,0
76,4,11,61.21933166937606,1,0
77,4,32,61.87780913739957,4,0
78,4,3,34.49796133251878,1,0
79,4,5,42.266146132136754,1,0
80,4,28,54.69443513982123,3,0
81,4,25,44.75927593340093,2,0
82,4,11,44.571703419904026,1,0
83,4,18,46.04050117166908,0,0
84,4,18,56.67108384001315,3,0
85,4,13,58.57509259961245,1,0
86,4,27,45.0439503809265,3,0
87,4,17,60.675422265850464,1,0
88,4,8,37.3163118366579,1,0
89,4,10,48.319816180013156,4,0
90,4,19,47.99148798468102,2,0
91,4,2,48.128436720852655,2,0
92,4,19,45.63403151442576,1,1
93,4,9,58.06596953347975,1,0
94,4,15,57.33213827518328,2,0
95,4,22,60.983972362664005,1,0
96,4,9,60.34363096087016,2,0
97,4,10,67.8369616137287,1,0
98,4,16,52.23136030872765,1,0
99,4,21,53.4944971661232,1,0
100,4,31,46.27043521045255,1,0
101,4,7,27.28449820047945,2,0
102,4,11,49.575153056154306,3,0
103,4,30,60.3577881171771,1,0
104,4,10,44.79887408318284,2,0
105,4,16,59.25996119469988,1,0
106,4,27,46.42519227099709,2,0
107,4,9,63.19695124237334,4,0
108,4,24,71.55181826634518,3,0
109,4,24,52.18193584078181,2,0
110,4,34,51.81758610082829,0,0
111,4,22,59.3753612386934,4,0
112,4,18,40.88995580579798,1,1
113,4,21,57.25707591636215,2,0
114,4,16,52.532851030968935,3,0
115,4,33,27.697508191678857,0,0
116,4,28,62.56158967357283,3,0
117,4,22,54.27437197798235,2,0
118,4,1,48.17812875132396,0,1
119,4,24,50.89568900862339,1,0
120,4,20,63.415723088705505,1,0
121,4,29,55.90418784881367,3,0
122,4,5,67.05639433094466,4,0
123,4,13,58.82305438876098,2,0
124,4,22,47.2851950450681,2,0
125,4,13,47.42570239012473,1,0
126,4,12,47.19438378370962,0,0
127,4,11,52.84191753910262,0,0
128,4,6,46.498324544840244,5,0
129,4,4,44.56486034320517,1,0
130,4,24,49.08032592543448,4,0
131,4,23,60.16860583076477,2,0
132,4,25,51.748916775125714,1,0
133,4,17,49.245165297146265,0,0
134,4,29,52.10929322388411,1,0
135,4,23,61.68316724187106,2,0
136,4,10,72.75666202066006,2,0
137,4,34,48.86174129789869,0,0
138,4,26,47.045519804064526,0,0
139,4,27,51.10936752438826,1,0
140,4,29,52.60821709124498,2,1
141,4,26,52.59467516539336,2,0
142,4,2,61.96128329376186,3,1
143,4,23,56.66804399957474,1,0
144,4,24,56.68780311600037,3,0
145,4,30,32.94203131824252,0,1
146,4,21,37.74898511365569,1,0
147,4,18,60.16199195129049,3,0
148,4,31,56.60674926903864,2,0
149,4,6,56.54564604710378,2,0
150,4,31,71.37947776357505,1,0
151,4,22,60.31229697823914,0,0
152,4,32,54.45686955602656,2,0
153,4,10,63.057711650718154,1,0
154,4,13,46.56857909596084,1,0
155,4,8,48.2263875500889,3,1
156,4,7,54.60229423147139,1,1
157,4,8,42.50619648899256,1,0
158,4,17,58.36135300298255,1,0
159,4,6,59.15993135691266,2,0
160,4,14,60.961574613482405,0,0
161,4,27,43.56051519017569,3,0
162,4,34,57.432130399136874,0,0
163,4,5,53.65563552203919,0,0
164,4,18,57.2919966028949,2,0
165,4,11,68.68123232048184,3,0
166,4,24,40.981634476577526,1,0
167,4,18,39.582924800202385,2,0
168,4,28,55.91779087499806,0,0
169,4,34,55.45602100013485,3,0
170,4,22,56.38759298286304,1,0
171,4,22,46.57282036165081,3,0
172,4,23,32.183477145534674,2,0
173,4,23,49.02879126544998,1,0
174,4,7,55.84681043692463,1,0
175,4,31,64.80801150505069,1,0
176,4,23,57.91479501902523,0,0
177,4,2,51.10909774138507,1,0
178,4,6,53.7133370049974,1,0
179,4,24,50.31915237889451,0,0
180,4,24,60.86708655873634,1,0
181,4,34,53.61328781480864,4,1
182,4,1,45.646434844987226,0,1
183,4,18,49.31309849276557,1,0
184,4,6,47.39922623220658,0,0
185,4,30,54.80011880937399,2,0
186,4,31,61.747034669552136,1,0
187,4,5,58.03296711670815,2,0
188,4,13,50.0198988887211,2,0
189,4,11,50.67374098847864,1,1
190,4,13,44.13868997152282,2,0
191,4,23,59.27342802164209,2,0
192,4,26,58.742846046542496,3,0
193,4,13,59.077100363674646,3,0
194,4,11,63.52208903236852,1,0
195,4,16,59.312842370624764,3,0
196,4,14,41.134497165168575,0,0
197,4,8,43.944172198861665,0,0
198,4,19,50.18126338441752,3,0
199,4,23,58.938268649270206,2,0
0,5,11,45.629161013037,3,1
1,5,21,54.23282166660018,1,1
2,5,20,61.57889919567972,3,0
3,5,35,48.36539847833175,1,0
4,5,27,58.3131529436012,2,0
5,5,17,61.826959502158175,4,1
6,5,31,50.53919114754587,0,0
7,5,14,47.67081511559759,1,0
8,5,8,61.70637283887599,1,1
9,5,32,65.60384627916709,3,0
10,5,14,56.24807400225445,3,0
11,5,8,36.93923499076131,2,1
12,5,30,40.89576754051187,1,0
13,5,17,39.708996277162505,1,1
14,5,34,47.283037813959616,2,0
15,5,9,62.782176167773066,1,0
16,5,22,57.8305499857046,0,0
17,5,33,59.43660548128513,3,0
18,5,18,55.020339154964084,1,0
19,5,6,52.21463062821264,0,0
20,5,24,53.148096934555625,2,0
21,5,17,50.36966011868733,2,0
22,5,4,53.91867423405778,3,1
23,5,29,56.37091551403709,2,0
24,5,6,62.014598829455494,0,0
25,5,24,50.01943329291834,1,0
26,5,35,46.80986220378081,5,0
27,5,17,37.9764078346227,3,0
28,5,19,53.261269096065185,1,0
29,5,26,43.67368907079526,6,0
30,5,15,51.29136015408836,2,0
31,5,12,66.63952086354757,3,0
32,5,6,48.93217606050462,2,0
33,5,27,59.315100273885015,1,0
34,5,27,50.8008075029509,3,0
35,5,23,56.15435802064587,2,0
36,5,32,57.768586247547624,5,0
37,5,21,55.74677146718318,1,0
38,5,12,66.87024684587499,2,0
39,5,2,60.62583752147698,2,0
40,5,22,55.046992959589005,3,0
41,5,24,48.09094245086557,0,0
42,5,17,58.52573583642295,1,0
43,5,4,50.5186906989744,1,1
44,5,11,51.309421051362705,1,1
45,5,20,41.56932651443982,2,0
46,5,31,54.005680972527706,2,0
47,5,27,52.59640936216392,1,0
48,5,26,39.24965133215403,3,1
49,5,17,46.87745721584103,1,0
50,5,3,63.209035247665526,3,0
51,5,16,52.247745485180175,0,0
52,5,1,53.00458141514865,3,0
53,5,16,49.447781101798455,1,0
54,5,14,62.07577430876775,1,1
55,5,26,47.24046849125203,4,0
56,5,24,63.142477110220476,2,0
57,5,23,63.90690266008089,1,0
58,5,2,57.79147279369081,5,0
59,5,6,48.23499153927386,1,0
60,5,30,45.81643583813204,2,1
61,5,7,49.3761169086106,1,0
62,5,5,56.51583577986724,1,0
63,5,21,68.7048056636931,5,0
64,5,10,54.39446665216178,1,0
65,5,17,60.15071740775117,3,0
66,5,34,65.6642022045146,5,0
67,5,12,42.03040676739199,2,0
68,5,10,49.271066100922326,2,1
69,5,21,60.10608737499874,1,0
70,5,20,54.036808696777115,2,0
71,5,10,60.559105231854375,1,0
72,5,24,63.45087378602858,1,0
73,5,24,44.40498307672053,3,1
74,5,27,59.7423479609905,2,0
75,5,23,49.71662498133321,0,0
76,5,33,50.15332968390417,1,0
77,5,18,59.569343977274315,1,0
78,5,10,55.488107025592754,1,0
79,5,19,62.484738687858936,2,0
80,5,16,58.13557212598697,0,0
81,5,5,52.22789389638301,0,0
82,5,19,61.45947896763734,2,0
83,5,28,50.679197688293044,3,0
84,5,26,45.84243744232914,3,0
85,5,10,55.65089417060361,2,1
86,5,7,60.10958172678438,1,0
87,5,1,63.01899208356445,1,1
88,5,23,51.09506671075547,0,1
89,5,13,37.94034511403992,0,0
90,5,4,57.18755090685345,1,0
91,5,33,57.49784878037633,0,0
92,5,28,52.561466948959676,4,1
93,5,4,55.294255300810065,1,0
94,5,10,47.09572074333608,1,1
95,5,31,41.016535978550095,3,0
96,5,3,61.87138145144587,3,0
97,5,29,57.15257368090771,3,0
98,5,5,46.940327614142014,1,1
99,5,24,42.61143486255098,2,0
100,5,23,67.57945745069416,2,0
101,5,31,48.55293676393681,2,0
102,5,24,36.63310743333065,2,1
103,5,30,49.89945874044568,3,1
104,5,12,36.41045750216668,2,0
105,5,15,64.55708529794975,2,0
106,5,13,63.55328146019566,1,0
107,5,19,66.5229813966772,1,0
108,5,4,63.13303091463592,0,0
109,5,13,50.46276023810784,0,0
110,5,10,46.22278081437871,1,0
111,5,5,61.858555862043545,0,0
112,5,19,57.166390789677976,2,0
113,5,6,56.10840649563828,4,1
114,5,20,61.78219517300013,1,0
115,5,29,54.94286921798038,4,0
116,5,25,57.952511351804155,1,0
117,5,21,31.16298669676487,2,0
118,5,23,58.19021769246943,5,0
119,5,2,63.84448343095365,4,0
120,5,17,53.38888290986533,0,0
121,5,19,52.81984348305555,3,0
122,5,15,53.501045284506766,2,0
123,5,21,52.5786939517995,1,0
124,5,32,55.31435812296455,4,0
125,5,8,71.5697851372224,2,0
126,5,9,50.952028752532875,3,1
127,5,20,58.37018887646133,2,0
128,5,31,61.51663529884143,0,0
129,5,24,46.799566138686004,0,0
130,5,31,37.825610880304424,1,1
131,5,18,53.189754250387736,4,0
132,5,34,55.16064519607395,1,0
133,5,14,48.737700885635384,2,1
134,5,22,49.46791203814822,2,0
135,5,17,45.03853249050236,2,0
136,5,13,43.54104174215229,4,0
137,5,31,41.2170229240413,1,0
138,5,14,49.54456953852031,3,0
139,5,26,48.71974434619338,1,1
140,5,12,61.455476338530474,2,0
141,5,10,62.77321815012877,0,0
142,5,16,55.04412490403276,1,0
143,5,34,40.33185197415423,1,0
144,5,2,50.40174716858444,2,0
145,5,6,55.22662929709744,1,1
146,5,2,56.045181630803434,1,0
147,5,33,60.366845037232366,2,0
148,5,30,38.82862099152262,1,1
149,5,23,53.939336896631666,0,0
150,5,35,78.74113022770146,2,0
151,5,20,42.28446213269066,1,0
152,5,27,51.686178574770295,1,0
153,5,28,42.24905948107206,3,0
154,5,29,52.217474402242544,2,0
155,5,11,55.93841819731078,0,0
156,5,27,50.29635117913222,1,0
157,5,18,42.861790553152765,3,0
158,5,20,53.07820613958242,3,0
159,5,31,50.92045689271935,2,0
160,5,6,62.31149409149147,2,0
161,5,5,58.24402059334346,0,0
162,5,1,53.963026488771824,4,1
163,5,8,56.96645748433349,1,0
164,5,21,59.759396054184855,0,0
165,5,8,43.20011162788005,2,0
166,5,15,62.86684066810112,2,0
167,5,7,60.43816417515013,2,0
168,5,31,49.692308315019666,2,0
169,5,28,61.94343815436422,3,0
170,5,27,45.228789083959114,2,0
171,5,25,62.756606563634605,0,0
172,5,6,62.539335624259195,3,0
173,5,1,58.429599402054784,0,1
174,5,3,47.23876833259073,1,1
175,5,1,58.42711186459542,0,1
176,5,24,61.049173766506954,0,0
177,5,15,54.010605509875255,0,0
178,5,11,53.79770222508834,2,0
179,5,34,64.20781836612554,1,0
180,5,3,58.430147702523456,2,0
181,5,32,51.18060595949018,4,0
182,5,30,52.57665699356482,1,0
183,5,4,46.697512645627896,4,0
184,5,29,53.57514558642472,4,0
185,5,14,49.592145571694005,3,1
186,5,19,56.27593428715613,2,0
187,5,5,56.56294851434193,3,1
188,5,9,50.16811162339508,2,0
189,5,25,72.34568804559458,2,0
190,5,18,46.765553492042734,4,0
191,5,18,53.2441414868441,1,0
192,5,13,60.819749147463604,4,1
193,5,9,44.16653121759667,0,0
194,5,3,51.72193097207985,2,0
195,5,3,50.009878502450945,2,1
196,5,23,51.29052540721122,0,0
197,5,2,52.622845810332215,1,0
198,5,10,47.84350095067901,2,0
199,5,3,58.37842139821579,3,1
0,6,12,68.63908318946756,2,0
1,6,22,42.98388109748457,1,0
2,6,30,44.772339094199,5,0
3,6,32,54.979603298221285,2,0
4,6,33,68.13905874350893,2,0
5,6,5,51.50823060689631,1,0
6,6,5,59.60095160637288,2,0
7,6,30,51.63827998572759,3,0
8,6,2,68.78860731246827,2,0
9,6,29,51.674144684734486,2,0
10,6,12,60.42752106511115,0,0
11,6,25,72.03942941906513,3,0
12,6,2,52.21192624333091,3,0
13,6,9,54.15296341687099,1,0
14,6,30,58.545946384572275,0,0
15,6,12,54.63858678638984,0,0
16,6,16,61.98034856243036,1,0
17,6,31,63.84175817469985,1,0
18,6,32,44.628710542607394,0,0
19,6,26,44.82165883975877,3,0
20,6,26,56.80885279201216,0,0
21,6,27,61.27774612070276,3,1
22,6,3,58.720637026011964,1,1
23,6,9,59.181246175353536,2,0
24,6,31,69.78483539699823,0,1
25,6,31,62.624574938376796,1,0
26,6,27,56.38940686024066,1,0
27,6,29,58.940160793259416,3,0
28,6,26,45.288292643720304,1,1
29,6,12,54.40095876697506,1,0
30,6,30,56.346822236786515,3,0
31,6,24,49.59117682388744,5,0
32,6,25,59.47746625534337,0,0
33,6,13,51.83819526506916,3,0
34,6,16,60.175556862515975,0,1
35,6,26,57.87361657604717,0,0
36,6,35,58.774500057087366,1,0
37,6,25,48.07214880810761,1,0
38,6,14,74.63881227926349,3,0
39,6,18,61.679851522188905,6,0
40,6,10,47.72397541551984,1,0
41,6,16,50.63524657855638,2,0
42,6,21,54.006397176547544,1,0
43,6,20,57.81208110536496,1,0
44,6,3,40.08631557723107,5,1
45,6,7,54.06258000014075,2,1
46,6,32,54.56957844260462,0,0
47,6,27,44.17197976787901,3,0
48,6,35,51.77318493920187,0,0
49,6,11,55.9625444426059,3,0
50,6,31,46.21248704714009,2,0
51,6,4,59.590784059492854,1,1
52,6,11,57.8624095864108,1,0
53,6,14,54.61744991415721,4,0
54,6,14,70.9628762837648,1,1
55,6,22,55.28080155125121,2,0
56,6,5,54.193028394519814,2,0
57,6,33,41.3226593821889,1,0
58,6,31,79.41488296144402,1,0
59,6,2,65.6809272014425,3,0
60,6,30,59.47305187855049,1,0
61,6,24,59.71093076912624,2,0
62,6,24,59.8596337331384,1,0
63,6,23,51.006574599168275,2,0
64,6,28,38.915229472783864,4,1
65,6,33,53.395432844187354,1,0
66,6,26,57.8476226855473,1,0
67,6,28,51.24041895630264,0,0
68,6,4,53.199355473546554,2,0
69,6,20,50.059984849584616,0,0
70,6,3,67.63606064132321,1,0
71,6,9,46.33918239372058,2,1
72,6,14,54.20008304698223,1,0
73,6,4,47.93945940683084,4,0
74,6,30,43.761740707204396,2,1
75,6,29,55.502235478471746,4,1
76,6,8,48.88183068821626,1,1
77,6,19,44.123115144718135,1,0
78,6,32,53.23441175082478,2,0
79,6,7,63.28071791926932,3,0
80,6,24,54.126753675028,1,0
81,6,8,54.620937556865016,2,0
82,6,17,54.4671255120534,2,0
83,6,13,62.810452296617804,2,0
84,6,13,38.00514988464779,0,0
85,6,3,60.265784118310464,2,1
86,6,26,66.52461107491769,2,0
87,6,23,50.97737298100744,1,0
88,6,11,46.2371883892817,2,0
89,6,26,62.11080114726531,3,0
90,6,24,55.53468606614677,1,0
91,6,15,61.97112069878881,0,0
92,6,20,56.44054700803916,1,0
93,6,25,60.71037213760188,0,0
94,6,31,63.144491018358494,4,0
95,6,22,65.69921548350727,0,0
96,6,27,47.07920263410736,3,1
97,6,29,57.672626378745235,4,0
98,6,29,62.31984654474256,1,0
99,6,12,51.68365764333477,3,1
100,6,35,62.2673478636663,0,0
101,6,16,40.71250850695313,2,0
102,6,10,55.13029964469951,3,0
103,6,16,63.09727118926594,2,0
104,6,14,62.45036001673077,2,0
105,6,34,73.39738644682254,0,0
106,6,23,43.66433295238615,0,0
107,6,30,68.43281662447293,3,0
108,6,23,52.6555126280631,4,0
109,6,12,42.993672817202416,0,0
110,6,18,45.5055113891085,1,0
111,6,12,40.96398080293881,0,0
112,6,1,46.292293063021276,2,0
113,6,29,37.97678615155973,1,0
114,6,11,55.52253353215141,1,0
115,6,19,52.68332602489131,1,0
116,6,12,57.723961624728915,1,0
117,6,34,62.743380348151234,1,0
118,6,16,59.85374425480492,2,0
119,6,2,56.983328914021506,1,0
120,6,26,53.80571378270051,4,0
121,6,28,53.108926161456246,4,0
122,6,11,56.984085739955084,1,0
123,6,14,38.20287969962905,1,0
124,6,26,48.67103335511463,1,0
125,6,6,45.775499561538446,2,0
126,6,20,44.74066223536778,3,0
127,6,8,53.35012292897044,4,0
128,6,27,46.97069733395065,1,0
129,6,3,62.85006218402313,3,0
130,6,28,57.221583955013855,3,0
131,6,34,56.421426907081525,0,0
132,6,6,56.172790184543636,1,0
133,6,6,56.74574098048853,3,0
134,6,8,50.20494039629648,2,1
135,6,12,57.47870556019697,0,0
136,6,7,46.351753600266655,3,1
137,6,10,52.744438999025746,3,1
138,6,11,61.818804053917574,3,1
139,6,24,53.225752408984135,2,0
140,6,30,51.5001679048965,2,0
141,6,23,48.890420013363496,1,1
142,6,20,63.536854271859404,1,0
143,6,13,50.416757566344515,3,0
144,6,1,58.91737243510583,2,0
145,6,28,51.785298564027514,1,0
146,6,14,41.76072432400839,1,0
147,6,1,49.6952676271596,2,0
148,6,7,42.8307294946828,4,1
149,6,4,47.45430266792167,2,0
150,6,9,58.60556825770079,1,0
151,6,19,48.387408495370565,1,0
152,6,22,49.54648523498069,3,1
153,6,24,52.7175276698285,0,0
154,6,13,63.47358595234834,3,1
155,6,5,56.48242432177596,1,0
156,6,7,51.43431015526505,2,0
157,6,6,51.4136620664688,0,1
158,6,29,62.13991916627916,1,0
159,6,21,76.61887761927599,2,0
160,6,29,61.19845034256125,0,0
161,6,21,41.20464843921854,1,0
162,6,10,56.35244053107004,1,0
163,6,13,63.53937601835487,1,0
164,6,31,69.66342848742147,2,0
165,6,9,64.07690870740225,1,0
166,6,5,63.21193997006951,1,0
167,6,25,59.35492734875018,6,0
168,6,32,60.07759815944638,2,0
169,6,8,46.214571924196235,2,0
170,6,11,44.154358949352584,1,0
171,6,17,37.376258142442495,2,0
172,6,16,58.45201868134236,1,1
173,6,19,52.79551705105047,2,0
174,6,25,57.24451507485641,2,0
175,6,34,44.76956138319993,2,0
176,6,28,55.334097002835115,1,1
177,6,12,48.43642211306409,1,0
178,6,3,64.87583769844552,2,0
179,6,18,54.10946923644053,1,0
180,6,28,65.31108496811183,2,0
181,6,9,59.953537688310725,3,0
182,6,11,61.03867291262946,1,0
183,6,27,64.03384179778219,1,0
184,6,13,45.46790153247288,3,0
185,6,19,67.17640095124322,0,0
186,6,13,63.521467768163575,1,0
187,6,33,48.81523148302682,1,0
188,6,33,50.54262035005243,2,0
189,6,32,57.88378456365562,1,0
190,6,20,59.75751137289689,4,1
191,6,15,37.75329602115299,5,0
192,6,11,51.583282196262275,1,0
193,6,22,45.9594614731202,4,0
194,6,25,50.754191976557294,4,1
195,6,18,64.21357594534152,3,0
196,6,5,49.31799561970323,2,0
197,6,20,64.59145454774803,1,0
198,6,26,54.95364774402953,2,0
199,6,17,43.68296263315563,5,0
0,7,4,47.15488408161123,2,0
1,7,11,52.77051392346395,2,0
2,7,20,60.406301725347504,1,1
3,7,25,43.21701231181531,3,0
4,7,5,61.76615045148111,2,1
5,7,14,55.990953466441226,2,0
6,7,16,52.02441817933868,1,0
7,7,27,58.298904530774934,2,0
8,7,14,55.655713787535504,1,0
9,7,26,49.17753572040994,3,0
10,7,19,43.43787135284279,0,0
11,7,28,63.18467509948872,1,0
12,7,29,44.0515437265302,0,0
13,7,10,61.095001785623154,3,0
14,7,15,59.06552270285071,1,0
15,7,28,51.48551924695998,0,0
16,7,22,53.759797536687955,1,0
17,7,18,63.36080875210123,1,0
18,7,23,69.32726104906156,3,1
19,7,33,54.81979693003501,2,0
20,7,15,49.339211220651286,3,1
21,7,34,61.25625887688628,2,0
22,7,9,68.39243612382951,3,0
23,7,6,60.105587227738496,3,0
24,7,21,52.47261552380208,3,0
25,7,17,57.53706524539221,1,0
26,7,4,41.75789815612524,3,0
27,7,3,66.27108596400458,1,0
28,7,8,62.835973131060975,2,1
29,7,19,48.34547162721257,1,0
30,7,31,60.676508697244664,2,0
31,7,27,54.688207013033754,5,0
32,7,26,54.76025833949101,0,0
33,7,10,60.50232593266632,2,0
34,7,14,49.41235324773256,2,0
35,7,27,70.78987985084191,1,0
36,7,15,58.75663988387376,4,0
37,7,26,52.193955162787276,2,0
38,7,6,53.03919618919933,1,1
39,7,34,36.35944360071832,0,0
40,7,10,52.567186013210026,0,0
41,7,33,61.32836599232395,1,0
42,7,33,66.02669492962713,4,1
43,7,6,56.48257090489351,0,0
44,7,32,62.75445733239676,4,0
45,7,17,57.18501289023933,1,0
46,7,4,46.84224901666305,2,0
47,7,24,53.14746364096801,1,0
48,7,1,62.045124333656126,1,0
49,7,15,52.45727223881362,0,0
50,7,10,46.143871620335496,0,0
51,7,32,61.395365637860635,3,0
52,7,7,65.91650579332357,1,0
53,7,35,55.884179446223655,2,1
54,7,35,80.38639547257006,1,1
55,7,26,53.53459889574852,2,0
56,7,2,37.166304512448264,2,1
57,7,2,52.711926213979446,1,0
58,7,13,36.1175013457369,1,0
59,7,22,61.07330566887164,3,0
60,7,16,55.41848900168166,1,0
61,7,14,55.02956905867035,1,0
62,7,26,46.77452495013525,0,0
63,7,23,62.16442802310318,2,0
64,7,3,43.94729621392509,1,1
65,7,21,70.52675641828216,3,0
66,7,15,48.345538191785124,2,0
67,7,3,68.17845004948622,0,1
68,7,23,52.921576100443986,1,0
69,7,3,41.2486310944643,2,0
70,7,29,50.51567120947555,0,0
71,7,22,57.26658006900474,3,0
72,7,31,36.37065119119576,2,1
73,7,3,66.73964753186453,1,0
74,7,22,61.3053789219889,1,0
75,7,12,53.770119789929986,2,1
76,7,6,69.16383703507049,1,0
77,7,13,61.23260350342527,1,0
78,7,28,57.37749389521736,4,1
79,7,22,52.1596959565789,1,0
80,7,32,52.411944656939895,3,0
81,7,34,59.48936993172699,1,0
82,7,26,45.11131150104647,1,1
83,7,26,57.653142537154984,2,0
84,7,9,54.33726383167934,3,0
85,7,33,51.31134563903318,2,0
86,7,21,53.26339758714766,4,0
87,7,9,52.36995706256779,3,0
88,7,29,61.224521173928814,4,0
89,7,33,51.37851844466432,1,0
90,7,32,62.4089927870419,0,0
91,7,12,65.39084734834074,2,0
92,7,34,61.08686254886735,0,0
93,7,4,38.370155409668314,5,0
94,7,9,54.81193377985815,1,1
95,7,33,70.64843752258899,0,0
96,7,5,59.90214552294787,0,1
97,7,8,58.051115856587316,0,1
98,7,5,48.365844815495784,5,1
99,7,7,51.23609476448388,3,0
100,7,16,40.33910554434561,4,0
101,7,35,51.21280688713336,2,0
102,7,18,57.59560756744058,2,1
103,7,14,58.793825543514615,2,0
104,7,27,55.25176426796267,1,0
105,7,22,52.282380906184265,2,0
106,7,2,56.94566724984399,2,0
107,7,31,63.184174786838284,2,0
108,7,5,47.18726885375048,1,0
109,7,10,46.380619365112075,3,1
110,7,18,76.73609528394095,2,0
111,7,3,60.38479324037973,1,0
112,7,3,57.04056830156785,2,1
113,7,10,53.4165334381959,1,1
114,7,15,54.72926476300686,3,0
115,7,14,47.066266989105046,2,0
116,7,4,52.77063532570699,0,0
117,7,10,55.48030988047941,0,1
118,7,27,49.25364534518897,1,0
119,7,1,59.06275643080222,0,0
120,7,29,69.09090782193537,2,1
121,7,9,50.50060869695418,1,0
122,7,21,69.75821706100291,1,0
123,7,26,56.62574982874636,3,0
124,7,2,66.1348452769592,5,0
125,7,16,53.788666149237905,1,0
126,7,7,44.06683882791349,1,0
127,7,29,62.213623795051845,3,0
128,7,7,52.4253517290439,3,0
129,7,7,68.2474019435741,2,0
130,7,1,43.829009215347995,3,0
131,7,6,50.22065991435853,1,0
132,7,16,53.88938545262506,2,1
133,7,28,66.74902940685875,2,0
134,7,18,43.74068687152902,1,1
135,7,32,52.592514240691365,6,0
136,7,4,44.854997858843674,1,0
137,7,22,52.435197014034344,3,0
138,7,35,58.733403358387974,3,1
139,7,30,49.197927235708285,2,0
140,7,2,40.29507068524249,3,0
141,7,6,67.39496057596806,1,0
142,7,4,73.93529013454949,3,0
143,7,11,70.53969603329081,0,0
144,7,35,51.78758861424607,1,0
145,7,27,45.16328444959622,3,0
146,7,9,43.726993782716875,1,1
147,7,23,41.434184337657655,1,1
148,7,24,62.768620715962314,0,0
149,7,11,50.81388066757712,1,0
150,7,32,53.19249544724065,2,0
151,7,31,67.76548996506116,1,1
152,7,3,50.760745888574604,3,0
153,7,19,59.58230647534222,2,0
154,7,23,71.26798721503195,1,1
155,7,30,62.3046157446534,4,0
156,7,3,61.97466355847311,1,1
157,7,29,49.40380312482061,0,0
158,7,30,60.7526165956676,1,0
159,7,3,56.831128891851414,2,1
160,7,13,48.25437301719205,1,0
161,7,20,60.72768639362477,1,0
162,7,8,59.21175669251037,1,0
163,7,2,63.50188080820247,1,0
164,7,20,48.431766285552,2,0
165,7,20,64.1884588642633,2,0
166,7,4,52.97991343935565,2,1
167,7,10,64.48317907085962,1,0
168,7,32,52.49699374510025,1,0
169,7,8,66.04857763097303,1,0
170,7,29,49.75001073823277,2,0
171,7,26,62.621682268188266,2,0
172,7,35,70.25244053820022,1,0
173,7,12,53.628305664652075,3,0
174,7,22,72.3242392157729,2,1
175,7,2,62.17785745631473,2,0
176,7,34,58.768257436343426,0,0
177,7,22,50.15720140397811,5,0
178,7,9,64.55115678344535,2,1
179,7,22,65.79542741350065,1,0
180,7,26,62.85235325687971,0,0
181,7,1,56.17801638590333,2,0
182,7,4,44.87501712737689,2,1
183,7,17,53.04447535351595,2,0
184,7,19,56.53464139337747,2,0
185,7,25,45.31527199395178,1,0
186,7,34,59.771595192476234,3,0
187,7,9,66.29575258844768,3,0
188,7,10,59.54812828162303,0,0
189,7,25,54.49629521005473,2,1
190,7,32,51.19530346399435,2,0
191,7,19,59.67751384979725,0,0
192,7,17,43.74735382758906,0,0
193,7,35,44.88424180033795,3,0
194,7,6,52.38396306929024,0,0
195,7,10,61.3698123499899,1,0
196,7,10,49.94588168278075,1,0
197,7,13,58.50629821075191,2,0
198,7,35,66.87342714882071,4,1
199,7,16,51.70057429992052,0,0
0,8,17,49.88714007127352,5,0
1,8,15,54.20076583275044,2,0
2,8,22,58.64099201935708,1,0
3,8,5,40.76255203520997,0,0
4,8,35,64.37812454127098,0,0
5,8,15,65.85512034047115,1,0
6,8,35,46.250464185254614,3,0
7,8,31,70.69277619141357,2,0
8,8,10,46.61423815950456,2,0
9,8,7,67.79702185661795,0,1
10,8,10,34.77321562314114,1,0
11,8,9,59.11484650204976,0,0
12,8,6,65.35750222842705,1,0
13,8,21,58.664425298069226,2,0
14,8,12,48.59240535312282,0,0
15,8,22,61.697318462218945,1,0
16,8,19,62.3548623056502,6,0
17,8,27,61.63837438920786,0,0
18,8,24,54.15598357270706,0,0
19,8,16,45.177070742337165,3,0
20,8,5,53.97691804960805,4,1
21,8,27,67.16879835611405,0,0
22,8,33,62.23054910127709,0,0
23,8,14,61.14044246343015,5,1
24,8,29,54.096751385056635,1,0
25,8,34,58.36030931452325,4,0
26,8,31,68.15827407029997,2,0
27,8,35,51.42183821684803,1,0
28,8,24,63.70096258032352,1,1
29,8,13,59.773735464024774,1,0
30,8,6,41.493484813568045,2,0
31,8,26,64.5418390088785,3,0
32,8,1,62.2725432948469,3,0
33,8,32,62.522830715328396,1,0
34,8,6,53.25294161804274,0,1
35,8,32,50.30065639517668,1,0
36,8,8,56.2330458955023,1,0
37,8,27,42.450082376400296,1,0
38,8,28,46.46256744217205,3,0
39,8,7,53.80093102406609,6,1
40,8,16,58.25006197747267,4,0
41,8,27,55.71941460139894,2,0
42,8,16,46.37195190102591,2,0
43,8,29,54.68036129536839,0,0
44,8,9,42.388496022369345,0,0
45,8,8,50.254251135349605,1,0
46,8,17,62.12139512102446,3,0
47,8,3,55.99105045587698,1,0
48,8,10,66.40516274679023,1,0
49,8,24,65.05613791331933,1,0
50,8,7,47.45551657614537,3,1
51,8,12,65.70820687701061,1,0
52,8,26,71.767637336642,2,1
53,8,15,55.434430012743796,0,0
54,8,28,64.78719910250832,4,0
55,8,15,55.751463156516664,1,0
56,8,15,55.47272042520105,0,0
57,8,16,59.390253872257276,0,0
58,8,27,62.94204407658553,4,0
59,8,4,46.71529698544705,2,0
60,8,30,48.389482766416265,1,0
61,8,18,49.02248875654698,2,0
62,8,3,54.28363281036222,3,0
63,8,3,59.32607988874332,1,0
64,8,31,46.46151777699039,0,0
65,8,26,42.79356780121734,1,0
66,8,22,47.62499936492811,5,0
67,8,8,62.97652862426022,4,1
68,8,28,66.01545335631634,0,0
69,8,29,56.47030754105657,1,0
70,8,22,57.2243325261711,6,0
71,8,32,64.04503418438992,1,0
72,8,34,60.07386755448399,3,1
73,8,14,54.731657436169066,0,0
74,8,4,45.008335102419146,1,0
75,8,6,57.82823335776382,0,1
76,8,8,60.24804963163402,0,0
77,8,26,48.18411499686425,0,0
78,8,2,77.08846333519618,0,0
79,8,23,56.33518068793454,0,0
80,8,11,54.343786565974234,3,0
81,8,33,63.85020800002337,2,0
82,8,10,47.43064543694314,3,0
83,8,13,37.72781713119223,2,0
84,8,34,70.99999777479347,3,0
85,8,28,56.80886427901521,2,0
86,8,31,57.45389461157993,3,0
87,8,11,56.93973187667832,1,0
88,8,20,57.89592167779731,1,0
89,8,21,56.04581344124281,1,0
90,8,15,56.59977009896799,1,0
91,8,3,51.01451810829529,3,1
92,8,28,50.63830383194568,1,0
93,8,21,47.39476025759532,2,0
94,8,21,53.462368526306015,1,0
95,8,22,58.700511241338624,2,1
96,8,9,63.79357419554003,2,0
97,8,29,50.37186526608026,2,0
98,8,35,62.11624552841735,0,0
99,8,32,58.82883417026976,1,0
100,8,20,47.76072127311353,2,0
101,8,8,56.556614096721376,3,0
102,8,7,65.24571660674634,3,0
103,8,32,53.89148709623548,1,0
104,8,6,53.457723787431554,2,0
105,8,12,62.020266511470844,1,0
106,8,13,62.56017989704566,0,0
107,8,34,57.63475386113873,1,0
108,8,18,56.81543901843625,2,0
109,8,13,45.52540954654049,0,0
110,8,14,54.0734830983393,0,0
111,8,30,53.34126447219477,4,0
112,8,8,71.91226160638384,2,0
113,8,5,63.221443006616084,2,1
114,8,31,59.67536388966664,5,0
115,8,25,52.990241809562605,1,0
116,8,34,58.94022742242793,2,0
117,8,33,54.030494403061894,0,1
118,8,2,56.8189031776261,4,0
119,8,26,57.01611196787007,1,0
120,8,6,74.35137020402439,3,0
121,8,25,34.59224919920419,1,0
122,8,23,65.28100995040054,1,0
123,8,34,58.763134055429056,0,0
124,8,8,54.45537555136634,1,0
125,8,35,63.31097327641605,2,0
126,8,5,43.362134678030436,1,0
127,8,4,60.85047209629194,0,0
128,8,23,51.482016364887286,5,0
129,8,22,60.9505200924015,0,0
130,8,29,44.12295399568064,1,0
131,8,22,68.8723886290989,2,0
132,8,16,74.14752028242431,4,0
133,8,29,49.360942356404145,1,0
134,8,16,52.102359189179886,1,0
135,8,12,66.31208907532222,3,0
136,8,20,72.70663187704665,1,0
137,8,6,52.13359200267309,1,0
138,8,19,56.04859893635902,2,0
139,8,7,65.09962840555332,0,0
140,8,26,59.347083930677414,0,0
141,8,16,43.91052034492631,4,0
142,8,18,54.01495536587325,0,0
143,8,30,43.18070087762557,3,0
144,8,14,60.565171397832536,2,1
145,8,24,55.05872813896717,3,0
146,8,13,54.86080330861415,2,0
147,8,24,61.29375658945376,4,0
148,8,32,61.66422223133204,4,0
149,8,24,62.66157497797331,1,0
150,8,24,63.31210220400357,4,0
151,8,23,55.57718860728769,0,0
152,8,17,53.95600758335606,1,0
153,8,12,67.29923789551087,2,0
154,8,19,62.184640267811716,1,0
155,8,32,72.84577063758601,3,0
156,8,20,58.24002229044472,2,0
157,8,26,43.30201451228268,2,1
158,8,10,70.31732201576361,1,0
159,8,2,57.08227254986592,2,0
160,8,33,45.27746580935226,1,0
161,8,34,64.66286503092465,5,0
162,8,8,48.93515138250312,2,0
163,8,20,48.424546988782986,1,0
164,8,8,52.74374544534697,1,0
165,8,13,53.00960834445975,0,1
166,8,25,55.475668248278716,3,0
167,8,3,66.55386325536182,3,1
168,8,14,72.26906921948816,4,0
169,8,32,56.495043476142335,2,0
170,8,35,44.02953936648919,3,0
171,8,27,50.027032961501405,2,1
172,8,3,50.20029740748812,0,0
173,8,27,67.34475389451919,3,0
174,8,21,53.949138321772985,1,0
175,8,27,44.00927940384992,0,0
176,8,31,54.070944890047755,4,0
177,8,29,59.49242580188571,4,0
178,8,5,55.6557833776554,1,0
179,8,16,58.27168122387903,2,0
180,8,17,61.48263356172965,1,1
181,8,29,55.458661582457175,3,0
182,8,18,43.91774001068444,2,0
183,8,12,73.05670214327695,0,0
184,8,31,49.87729512129886,0,0
185,8,26,46.520452570634404,3,0
186,8,32,49.19641230897578,1,0
187,8,17,67.75564544638272,2,0
188,8,16,46.86500236647,2,0
189,8,14,71.94823104897758,2,1
190,8,27,50.11439823297326,1,1
191,8,2,68.38773859309633,3,0
192,8,3,60.97956244924082,2,0
193,8,1,59.5763733590592,2,0
194,8,22,59.91320106960334,3,0
195,8,19,63.06543545016145,3,0
196,8,13,56.0927653146473,3,0
197,8,27,68.65186318017302,3,0
198,8,16,54.192676236510586,3,0
199,8,22,42.755587272803155,2,0
0,9,23,61.30908027092122,1,0
1,9,21,43.06721024468841,0,0
2,9,12,60.89017667454265,1,0
3,9,29,49.805141330957,2,0
4,9,7,57.92934517333152,4,1
5,9,20,63.5056331263775,2,0
6,9,11,71.0714784558987,1,0
7,9,6,62.57246046006653,0,0
8,9,23,67.27664995561781,0,0
9,9,8,73.50036499863161,1,0
10,9,10,64.7851436037764,3,0
11,9,4,54.75236454774726,1,0
12,9,4,63.549726096619494,2,0
13,9,16,53.07923613185569,2,0
14,9,3,63.81554768372157,3,0
15,9,16,45.103949503507394,2,0
16,9,6,59.30432361076427,1,0
17,9,21,66.92346216102305,1,1
18,9,12,62.237361368414334,1,0
19,9,3,57.70877026035436,1,0
20,9,18,64.5909201277134,1,0
21,9,17,69.03621762814815,1,0
22,9,27,50.16874361809327,2,0
23,9,34,46.11534789582342,0,1
24,9,29,55.03588094476643,3,0
25,9,19,66.34018848702505,1,0
26,9,18,56.26911224989935,3,0
27,9,27,53.19670791832389,4,0
28,9,5,59.96815220922786,2,0
29,9,27,59.27612140836343,3,0
30,9,1,56.077735733141054,3,0
31,9,21,52.99873175441392,1,0
32,9,13,54.33277139589689,3,0
33,9,17,47.400000890719596,1,1
34,9,21,47.49303943801668,1,0
35,9,34,51.29955228282422,3,0
36,9,8,48.886238688073874,1,1
37,9,17,63.74385235563089,2,1
38,9,21,55.327215694344325,4,0
39,9,4,42.951222767768996,1,0
40,9,15,61.25657269778516,3,0
41,9,35,55.18713969561446,2,0
42,9,6,54.88420754917601,3,0
43,9,12,47.84928055996646,1,0
44,9,26,63.50316819327117,3,1
45,9,3,55.2152397450187,0,0
46,9,14,56.21512109175256,2,0
47,9,19,52.23425501565922,1,0
48,9,2,40.652994276551745,1,0
49,9,20,57.91516223145291,0,1
50,9,26,49.22217370048979,3,0
51,9,14,48.727703023903224,2,0
52,9,1,61.76825171517718,2,0
53,9,22,62.22879594424304,4,0
54,9,17,50.49199506892838,2,0
55,9,25,51.26010577784321,4,0
56,9,24,73.98426495023035,0,0
57,9,11,69.39567499141342,4,0
58,9,9,65.4532301966014,0,0
59,9,31,45.928647178475806,2,0
60,9,13,46.48171177245713,3,0
61,9,17,67.17129040836603,1,1
62,9,9,55.221312288828656,3,0
63,9,34,59.865844279920175,1,0
64,9,31,43.65813727170632,0,0
65,9,17,58.00193571849582,1,0
66,9,28,59.391248003854585,1,0
67,9,9,51.62133649129979,2,0
68,9,20,63.22955119643209,4,0
69,9,14,58.23594922316876,1,0
70,9,7,49.18702507607682,4,0
71,9,3,57.895677616297355,1,0
72,9,29,63.64520826314938,1,0
73,9,18,66.272004006518,2,0
74,9,15,63.767383032877675,5,0
75,9,17,49.90792025058503,0,0
76,9,28,58.74725093751774,0,0
77,9,15,57.67753504463789,1,0
78,9,6,43.75996203576122,5,0
79,9,13,47.165403527616036,1,0
80,9,19,47.46046475504507,1,0
81,9,11,59.56792581319896,3,0
82,9,5,62.85963868442321,1,0
83,9,23,49.726061143200084,1,1
84,9,27,65.01098938383588,0,0
85,9,9,64.64699609549795,2,0
86,9,14,58.72899387069114,3,0
87,9,20,48.002340216820755,1,0
88,9,8,49.2008376620152,1,0
89,9,15,74.74882092488058,1,1
90,9,33,62.37159494833809,0,0
91,9,1,75.69007203954304,3,0
92,9,23,56.17639239942409,2,0
93,9,14,61.26935813316694,1,0
94,9,13,49.19496502013408,1,0
95,9,2,50.359236204726365,3,1
96,9,20,66.42794835472296,6,0
97,9,2,49.69581674475474,1,0
98,9,2,57.427945192360696,3,0
99,9,19,57.59419197412252,2,1
100,9,19,46.53976068803256,2,0
101,9,35,61.31991859269732,2,0
102,9,17,60.83591078066651,1,0
103,9,32,51.04168639827324,1,0
104,9,19,67.24084333266467,5,0
105,9,21,62.693673634788524,5,0
106,9,16,67.6848473025077,0,1
107,9,2,66.56881577335648,4,0
108,9,8,59.01455271403235,0,0
109,9,31,57.27073417883907,2,0
110,9,28,63.56952240201477,4,0
111,9,34,59.515064040016576,3,0
112,9,27,60.49252575331426,6,0
113,9,22,49.6687746479838,0,0
114,9,34,51.884941668032255,4,0
115,9,14,56.506222006868,0,0
116,9,20,50.95884894889783,1,0
117,9,9,63.082154479799904,3,0
118,9,17,75.95735916242745,2,0
119,9,23,62.860184109328834,2,0
120,9,19,46.23282113199892,4,1
121,9,16,62.74137627402185,2,0
122,9,2,59.74612430048164,3,0
123,9,4,65.96468800219448,3,0
124,9,13,63.59929025350709,4,1
125,9,4,56.73737993355287,1,0
126,9,24,54.18090786030233,1,1
127,9,35,67.95883224944556,3,1
128,9,15,56.99426428090318,2,0
129,9,6,39.90723093409171,3,0
130,9,2,54.587089754710306,2,0
131,9,31,73.08304316208235,1,0
132,9,1,64.82541003463483,1,0
133,9,35,63.51260161119928,2,1
134,9,8,52.89617176942436,0,0
135,9,23,60.9315567747221,7,0
136,9,15,66.51529392428216,2,0
137,9,1,64.60541406171096,1,0
138,9,27,51.826526633202675,1,0
139,9,1,73.64273072502286,0,0
140,9,29,40.304654009086434,2,0
141,9,27,57.82341961680251,1,0
142,9,33,59.020901012360014,2,0
143,9,17,61.82628735369279,5,0
144,9,26,53.355404694380205,3,1
145,9,26,42.20086348761974,1,0
146,9,28,70.21371492796841,3,1
147,9,14,54.89181111639887,1,0
148,9,13,42.30328451385095,3,0
149,9,15,65.06181567929137,2,1
150,9,2,48.92305072714204,2,0
151,9,24,71.75950853855333,1,0
152,9,23,67.90393897189719,1,0
153,9,26,54.448772961870496,1,0
154,9,21,63.74322915678334,1,0
155,9,25,45.09308747966591,1,0
156,9,30,69.23165226897324,5,0
157,9,31,52.299251608479786,3,0
158,9,25,50.7344907340149,5,0
159,9,28,55.20921824807177,2,0
160,9,33,46.73448856143755,0,0
161,9,35,59.013091339856786,1,0
162,9,12,50.856189226314605,1,1
163,9,21,72.50043751545553,6,0
164,9,10,49.212253386224454,2,1
165,9,34,43.86864648201742,3,0
166,9,20,49.85240941935386,2,0
167,9,6,52.29117788781333,1,0
168,9,30,51.93243169182627,3,0
169,9,16,49.70340575881626,3,0
170,9,26,40.84296796958986,4,0
171,9,27,52.568126240480765,2,0
172,9,12,44.11456824799823,1,0
173,9,13,55.046915587270064,1,0
174,9,3,48.430403811459826,3,1
175,9,19,42.07914821876997,1,1
176,9,28,61.90576359920559,2,0
177,9,5,57.18697110033555,0,1
178,9,8,58.57127836722805,1,0
179,9,20,61.89678341040237,2,0
180,9,34,44.00309656453109,0,0
181,9,23,63.08863004835902,0,0
182,9,21,63.653411217314904,2,0
183,9,9,33.65486747622614,2,0
184,9,6,64.25917671831985,3,0
185,9,18,65.41983474682154,4,0
186,9,15,44.39589616587958,2,1
187,9,12,50.60118175989906,4,1
188,9,23,45.34783088765235,2,0
189,9,27,56.977918906842696,2,0
190,9,28,42.291551677657544,0,0
191,9,31,63.504939467630294,1,0
192,9,9,39.32142094368604,1,0
193,9,34,64.46278201605863,5,0
194,9,33,63.905186630184794,0,0
195,9,17,55.140199751038246,1,1
196,9,30,61.871064178272015,1,0
197,9,22,67.47283756143118,2,0
198,9,9,62.44186902811009,1,0
199,9,14,59.25597956468665,0,0
0,10,29,55.5739305406313,4,1
1,10,18,61.89272543788046,1,0
2,10,8,54.95381028314318,1,0
3,10,12,58.46712754830806,3,0
4,10,28,61.407454261170514,2,0
5,10,1,59.52682164607672,2,0
6,10,12,61.546327412859405,5,0
7,10,26,59.45684825645861,5,0
8,10,7,53.37430321424197,2,0
9,10,7,60.36112783469933,4,0
10,10,13,64.64398507188761,1,0
11,10,18,50.753622293030816,2,0
12,10,27,59.71543144329958,4,0
13,10,3,56.624108036734576,2,0
14,10,34,54.276576053923534,3,1
15,10,14,60.08900269204914,3,1
16,10,1,63.53374951926615,1,0
17,10,33,54.342606822855764,4,0
18,10,13,57.394631418743494,1,0
19,10,20,70.30041055227474,0,0
20,10,29,54.970669711776395,1,0
21,10,10,61.09067759292676,2,0
22,10,19,68.1332900255873,0,0
23,10,19,50.231503767138136,2,1
24,10,2,52.49490350278728,2,0
25,10,6,77.46109059217403,2,0
26,10,31,56.47374130405716,1,0
27,10,9,42.282414844595664,0,0
28,10,22,35.55406864567844,3,0
29,10,5,61.054465123163595,0,0
30,10,6,63.29844516582583,2,0
31,10,16,58.3043504815184,4,1
32,10,22,59.172242224170695,1,0
33,10,34,61.8844537775106,0,0
34,10,20,61.12222781647637,1,1
35,10,19,52.12711959009007,1,0
36,10,16,58.60501422712323,4,1
37,10,5,61.76479130802687,0,1
38,10,7,67.39559946390565,4,0
39,10,29,67.5004255182481,2,0
40,10,22,56.841065958831244,0,0
41,10,28,61.24659269339051,2,0
42,10,16,72.04765379032702,4,0
43,10,35,56.279143070374495,0,1
44,10,18,56.438377705366655,3,0
45,10,2,52.19154162690232,2,0
46,10,24,49.45183396734049,0,0
47,10,19,60.76331345315083,5,0
48,10,23,67.17092860237464,1,0
49,10,8,55.708938638612906,1,0
50,10,18,53.80813853361613,2,0
51,10,20,75.18900420285411,2,0
52,10,20,48.15975939262384,2,1
53,10,28,53.6570592419797,2,0
54,10,9,49.10138024263536,2,1
55,10,15,48.657940672800635,2,0
56,10,20,55.73618978415401,3,0
57,10,20,66.42215151689268,3,1
58,10,28,54.453453580917206,3,0
59,10,28,48.08947985500574,2,0
60,10,12,47.04011382026478,1,0
61,10,25,50.16205795192283,4,1
62,10,32,64.47814646676377,5,0
63,10,11,64.5328972290776,4,0
64,10,29,55.88165118596309,3,1
65,10,13,65.62753941002373,2,1
66,10,3,76.76499329517152,1,1
67,10,19,46.79943012478609,1,0
68,10,26,64.78638543443894,4,0
69,10,34,63.186021250606956,2,0
70,10,32,60.97168550654008,5,0
71,10,31,50.95391847108223,1,0
72,10,15,56.89331774386898,2,1
73,10,19,54.980612790957366,3,0
74,10,7,59.65711549422855,2,0
75,10,23,56.08581482278519,3,0
76,10,7,55.12693582162338,3,1
77,10,14,41.64354997649908,0,0
78,10,31,54.02146282913864,2,0
79,10,16,60.352656310345715,4,1
80,10,32,69.47885103701495,0,0
81,10,6,47.66099636715846,3,1
82,10,11,67.46839282065284,1,0
83,10,31,48.68269321190084,3,0
84,10,30,55.08567923286071,3,0
85,10,19,74.20072866793562,3,0
86,10,23,65.50091874807678,2,0
87,10,21,54.07366379502715,0,0
88,10,15,47.96032503357066,2,0
89,10,11,62.248294659760624,2,0
90,10,9,66.03897815247998,1,0
91,10,30,73.5752986886319,5,0
92,10,28,63.862940659645595,3,0
93,10,30,53.893366506579966,2,0
94,10,25,53.88906862775622,0,0
95,10,31,64.67893319116759,1,0
96,10,23,56.67571688281859,3,0
97,10,10,64.35598632605048,3,0
98,10,31,75.92719718782682,1,0
99,10,9,42.75724141072917,1,0
100,10,21,47.58106944748317,4,1
101,10,21,47.68759996261915,0,0
102,10,8,50.41100391850856,2,0
103,10,27,50.463023237177524,3,0
104,10,16,50.18703747309155,1,0
105,10,15,59.28215085934061,2,0
106,10,20,60.23049564443605,1,0
107,10,15,64.5481284836193,2,0
108,10,18,49.29801059717066,2,0
109,10,2,57.008861094118394,2,0
110,10,8,57.86662956483892,3,0
111,10,18,60.448359628680905,2,0
112,10,2,65.35895934682472,1,0
113,10,35,69.22514039970322,3,0
114,10,26,50.492263154071324,3,0
115,10,12,53.62873904429062,2,0
116,10,9,60.05426605859778,1,0
117,10,27,56.172219649523676,1,0
118,10,31,57.150497111611664,0,0
119,10,3,55.174177386129564,2,1
120,10,26,61.13362324497111,0,0
121,10,28,46.67572856569457,4,0
122,10,2,50.218291272503116,0,0
123,10,1,45.840811159997436,1,1
124,10,31,45.5982336992286,3,0
125,10,23,65.49943122717531,2,0
126,10,18,61.0528754244623,3,0
127,10,24,66.19317098506893,2,0
128,10,9,68.76386374307135,2,1
129,10,6,52.81154301369079,2,0
130,10,4,51.402915488769125,2,1
131,10,1,41.18127111238118,5,0
132,10,34,58.92934627908308,3,0
133,10,29,61.21105156921055,1,0
134,10,14,56.63379334238338,3,0
135,10,25,50.85077191763514,1,1
136,10,23,64.3817583700875,3,0
137,10,13,47.54763189189531,1,1
138,10,28,65.38382052112345,2,0
139,10,31,53.83495514750161,3,1
140,10,29,52.560509965643064,3,0
141,10,14,44.68632581839574,3,0
142,10,22,54.34452128692205,1,0
143,10,29,50.261751117643016,3,0
144,10,23,58.95352650406073,1,0
145,10,15,52.16770857578769,2,0
146,10,34,48.40485190908667,2,0
147,10,26,52.78195389558964,1,0
148,10,12,40.46417074976095,4,0
149,10,14,46.62212398794501,2,0
150,10,20,45.81462028660922,3,0
151,10,15,53.7487087908926,4,0
152,10,30,61.28914826655715,3,0
153,10,7,50.21267713196438,2,0
154,10,14,55.57209792401252,2,1
155,10,4,73.9547595977588,1,0
156,10,6,48.77226239051108,5,0
157,10,3,70.54041776083945,0,1
158,10,28,52.12579222968464,1,0
159,10,30,52.77575539633556,2,0
160,10,25,57.286373618466655,2,1
161,10,11,70.88234384386297,1,1
162,10,28,38.10034593035097,4,0
163,10,10,54.334215765947995,1,1
164,10,10,58.15166512522201,3,0
165,10,27,38.81601379310107,1,1
166,10,21,66.74687226317823,1,0
167,10,13,49.30730793011168,1,1
168,10,34,52.38897915822035,2,0
169,10,26,49.743954749341015,2,0
170,10,25,57.040294969061655,1,0
171,10,24,50.734424737858845,2,0
172,10,20,45.79567804585166,3,0
173,10,4,77.76997635928984,4,0
174,10,11,54.51889001630372,0,0
175,10,29,47.480970684764706,1,0
176,10,28,80.14698884500754,2,0
177,10,1,55.98758479852691,0,0
178,10,20,71.163082600832,6,0
179,10,1,51.86836808430628,2,0
180,10,15,58.69684975444777,3,0
181,10,18,49.93772582465853,1,1
182,10,4,52.62085132538798,2,0
183,10,17,60.69199831056721,6,0
184,10,10,55.02967758855704,1,1
185,10,28,49.28771379572482,1,0
186,10,20,44.74716065212486,2,1
187,10,7,72.91416294308537,3,0
188,10,4,52.27481948680034,3,0
189,10,27,65.65935958260418,0,0
190,10,6,54.40873290149595,1,0
191,10,21,54.75111714381278,2,0
192,10,27,69.28553856336715,2,1
193,10,22,55.522313505547416,0,0
194,10,18,61.980012549077784,3,0
195,10,10,63.63024936252876,4,1
196,10,35,56.556787332303855,5,0
197,10,25,62.65336058311035,1,0
198,10,13,59.4224939993902,5,0
199,10,25,58.24628792141037,1,1
0,11,17,50.53046355968776,6,0
1,11,25,58.17737784031419,2,0
2,11,4,69.16573030778635,3,0
3,11,19,60.77976648658526,3,0
4,11,12,62.330441724188574,2,0
5,11,12,64.47399380070651,2,0
6,11,4,61.07252165651618,2,0
7,11,18,54.99260150771644,2,0
8,11,27,63.055402570950825,1,0
9,11,22,54.22170101924558,1,0
10,11,20,54.74933149975019,2,1
11,11,29,66.76492131220195,0,0
12,11,34,55.168440848495756,0,0
13,11,31,66.13544987249114,4,0
14,11,24,40.85408125008616,2,0
15,11,31,69.52355235474356,2,0
16,11,6,63.317872469268806,1,0
17,11,21,67.29402884446574,3,0
18,11,5,65.97605146151254,2,1
19,11,30,62.72658761501317,0,0
20,11,20,57.78618926749797,5,1
21,11,1,57.14762612440844,3,0
22,11,23,55.95362737656098,0,0
23,11,18,61.7448211852545,3,0
24,11,2,45.430501336826936,2,1
25,11,15,75.52147859812848,1,0
26,11,12,60.301675585023396,2,1
27,11,14,68.01417175509498,1,0
28,11,3,55.33872389282726,1,0
29,11,10,61.93964814776416,3,0
30,11,27,63.557588239846496,4,0
31,11,18,59.477839508001104,3,0
32,11,9,66.6340779542957,1,0
33,11,17,56.802755694248646,1,0
34,11,2,57.978582648056815,2,1
35,11,35,52.85701848285102,1,0
36,11,10,52.153712295196705,0,0
37,11,2,56.18889985632022,3,0
38,11,1,60.21618503195026,2,0
39,11,10,61.75691836720013,3,0
40,11,19,60.605983260890596,2,0
41,11,34,42.13210251774317,2,1
42,11,28,51.99892637825905,4,0
43,11,5,60.64773862956123,2,0
44,11,6,54.884686124044634,1,0
45,11,9,36.83760357062092,3,0
46,11,33,62.46550743889156,1,0
47,11,26,68.71520906737041,1,0
48,11,1,56.31806353451258,3,0
49,11,29,54.39419774182228,2,1
50,11,6,59.82341761899663,2,0
51,11,26,63.885812211524396,2,0
52,11,17,44.19355406485609,2,1
53,11,9,66.81816828540488,1,0
54,11,26,56.41477979040079,0,0
55,11,18,53.26347841068247,0,0
56,11,17,42.02560415337622,0,0
57,11,12,57.32119711479576,1,0
58,11,25,62.815201869605374,4,0
59,11,14,58.56946718729101,1,1
60,11,6,60.42399922324639,0,0
61,11,3,52.98839047699713,5,0
62,11,23,48.30195973792421,3,0
63,11,2,64.2025851449019,2,1
64,11,31,50.779634940883824,3,0
65,11,2,68.55594418053303,2,0
66,11,4,69.70922275134079,1,1
67,11,10,62.611464534859124,3,1
68,11,17,36.33402219424776,2,0
69,11,34,57.538699404191235,2,0
70,11,8,59.79029637422642,3,0
71,11,10,59.63477785440945,0,1
72,11,25,57.63728229885261,3,0
73,11,18,56.5924139171659,0,0
74,11,28,56.19178769214477,3,0
75,11,1,68.26299596577785,3,1
76,11,12,63.25678366856796,2,0
77,11,2,50.067767127710724,2,0
78,11,30,46.2241486336031,1,0
79,11,34,55.33636123148192,2,0
80,11,21,49.1181030247066,5,0
81,11,15,60.76534949307718,2,0
82,11,28,61.687712777866544,2,0
83,11,7,64.81446452617767,3,0
84,11,17,39.02043473524522,2,0
85,11,5,65.0517393139796,1,0
86,11,19,56.65302964832825,2,0
87,11,33,61.65303692881282,3,0
88,11,29,62.68444813783932,2,0
89,11,24,45.867891195770405,1,1
90,11,10,47.74817868975182,2,0
91,11,4,47.07594296780856,2,0
92,11,1,49.62787538539808,4,0
93,11,33,39.90215072127846,2,0
94,11,5,63.27759251376781,3,0
95,11,12,68.08206779686611,3,0
96,11,19,40.905667245482704,1,0
97,11,15,67.11771900950868,3,0
98,11,30,53.68645172999873,3,0
99,11,20,57.549789306359656,6,0
100,11,2,59.724773909439264,2,1
101,11,24,58.56186809330878,1,0
102,11,11,49.34817273011907,3,1
103,11,19,38.85223589211411,5,0
104,11,4,57.815823861594595,2,0
105,11,15,61.4805506246916,0,1
106,11,5,70.92999818735507,1,0
107,11,5,70.0472604131222,4,0
108,11,20,63.89242565498611,5,0
109,11,3,77.38087380210213,4,0
110,11,14,45.04855669636922,0,0
111,11,19,67.17563627542567,0,0
112,11,9,67.39115336146796,1,0
113,11,14,55.81812170054224,5,0
114,11,18,72.77429909281561,2,0
115,11,4,42.321747446319286,6,0
116,11,8,65.91719385891489,6,0
117,11,35,67.02417420710506,1,0
118,11,22,59.97927585861795,2,0
119,11,30,65.31028942987427,2,0
120,11,9,72.19416612856904,3,0
121,11,18,51.59263105156678,2,0
122,11,33,45.585990659932364,3,0
123,11,22,59.07485973153817,3,0
124,11,34,60.19015361565818,0,0
125,11,12,51.993881210498174,1,1
126,11,35,53.97050182562402,1,1
127,11,32,70.46926018350129,2,0
128,11,22,59.68717144130729,3,0
129,11,28,72.69242282212866,1,0
130,11,8,64.16637175134677,1,0
131,11,6,65.25363853009532,2,0
132,11,17,52.01233982165607,2,0
133,11,31,59.208343426705966,4,0
134,11,35,73.60493267616478,5,0
135,11,7,63.57242168057101,2,1
136,11,30,60.52535016746894,1,0
137,11,33,55.979630058107034,1,0
138,11,17,68.43269919661995,2,0
139,11,29,68.49786893941182,2,1
140,11,1,51.79644057069003,4,0
141,11,5,54.85325639940595,1,0
142,11,21,55.59904270959095,2,1
143,11,19,54.13467426195235,3,0
144,11,7,63.303285282280676,3,0
145,11,17,57.940440945646,1,0
146,11,23,65.87078828816594,0,0
147,11,23,60.45567120867428,1,0
148,11,5,58.55243700116887,1,0
149,11,17,59.764312203757655,3,0
150,11,6,51.974087978054925,1,0
151,11,3,60.51597508870925,3,0
152,11,15,60.547816543308215,2,0
153,11,30,70.49870145730688,1,0
154,11,3,48.38166883450942,2,0
155,11,18,48.85909892956778,3,0
156,11,8,50.55115157364589,4,0
157,11,31,54.694982029085736,3,0
158,11,8,60.7113059235311,1,0
159,11,10,69.75906607961889,0,0
160,11,19,59.91993107994302,3,0
161,11,1,51.53417039767117,2,1
162,11,23,56.70636018831865,4,0
163,11,9,62.75083687147162,1,1
164,11,35,55.657371568658995,6,0
165,11,19,67.37953276127939,0,0
166,11,24,66.78436177308782,2,0
167,11,5,60.160465532351324,0,0
168,11,28,66.30473095151767,2,0
169,11,34,63.98962462163241,2,0
170,11,32,46.754017595486665,4,1
171,11,16,65.51955631793622,2,0
172,11,30,62.32335812466211,2,0
173,11,28,59.306888400868395,2,0
174,11,4,63.02428803638371,1,0
175,11,25,52.652515864772056,0,0
176,11,2,58.68584657924354,0,1
177,11,27,57.228066399365915,1,1
178,11,1,60.075928195347466,2,1
179,11,3,61.71177072044878,2,0
180,11,3,60.91179447548926,2,1
181,11,19,48.52916890513089,2,0
182,11,31,63.123072382189314,0,0
183,11,34,74.2902169011565,0,0
184,11,1,43.68218918352301,1,1
185,11,18,56.959323909177634,5,0
186,11,1,60.70990340233085,5,0
187,11,21,48.60930139892636,2,0
188,11,26,64.74021565748782,0,0
189,11,8,52.995544935924244,3,0
190,11,31,50.17013680639851,1,0
191,11,15,65.54533763200972,2,0
192,11,6,48.725029800272296,1,0
193,11,2,55.56621367699851,1,0
194,11,3,51.461777988379495,4,0
195,11,7,43.59316328403229,1,0
196,11,3,58.44820739036899,2,0
197,11,23,51.80230733432494,2,0
198,11,9,40.65798152439286,2,1
199,11,21,59.005331640429695,1,0
0,12,2,66.78025023745506,3,0
1,12,13,51.514649989974224,1,0
2,12,15,66.1691172331831,1,0
3,12,24,84.08908627914678,1,0
4,12,31,77.50279407334867,2,0
5,12,7,41.96367595065753,1,1
6,12,26,70.95869698715259,4,0
7,12,35,75.84358934114825,2,0
8,12,22,68.01535730390383,2,0
9,12,28,61.263917303399644,4,0
10,12,6,57.68470259452374,2,0
11,12,1,55.226638060080475,1,0
12,12,30,65.36607007418763,0,0
13,12,9,61.74042541059806,2,0
14,12,19,51.25329038765119,0,1
15,12,9,65.87369042753886,1,0
16,12,3,52.98940429747728,2,0
17,12,27,50.86411716094827,3,1
18,12,31,59.984950561060245,0,0
19,12,2,65.36419008001015,3,0
20,12,27,43.64176513688021,5,1
21,12,31,60.26178030803534,2,0
22,12,4,63.791991644674624,0,0
23,12,12,60.34194452623642,4,0
24,12,3,62.94835456075178,4,0
25,12,5,44.09620362226762,3,0
26,12,1,61.13731388826612,0,0
27,12,26,47.04261499977221,0,0
28,12,8,53.95395550218242,1,0
29,12,4,57.51513334132834,4,0
30,12,21,59.61235174729802,0,0
31,12,18,77.83876386379612,3,0
32,12,35,47.30144920162383,4,0
33,12,1,63.05225200920358,3,0
34,12,5,54.48303248849023,0,1
35,12,3,48.44220524046003,2,0
36,12,14,57.46146381465753,2,0
37,12,20,63.18730599583288,2,0
38,12,26,47.33589866193816,1,0
39,12,29,49.490927443987445,4,0
40,12,23,60.26299563193865,1,0
41,12,10,61.9172281672024,2,0
42,12,27,69.71287286850001,2,1
43,12,12,66.33897983215724,1,0
44,12,10,46.81560597280909,3,0
45,12,17,54.41729449902316,3,0
46,12,5,51.87715771571495,0,0
47,12,5,64.83993430289689,4,0
48,12,27,70.29338930974643,1,0
49,12,10,55.01946528676565,0,1
50,12,13,55.01385131168626,1,0
51,12,22,46.58122821213299,3,1
52,12,6,68.77290184870877,3,0
53,12,32,63.23329479608159,1,0
54,12,11,55.7164690471672,5,0
55,12,11,50.72419564128205,2,0
56,12,25,61.15662447013545,2,1
57,12,6,67.70547385221838,0,0
58,12,30,75.30842266835053,1,0
59,12,7,62.28128453228094,3,0
60,12,3,64.98205429759538,1,0
61,12,29,50.17141772183861,4,1
62,12,27,66.41543256632674,0,0
63,12,34,66.9189423847828,3,1
64,12,10,68.42153636859503,3,1
65,12,25,61.022638397643476,1,0
66,12,5,57.19922643131666,1,0
67,12,6,67.59268047986318,1,1
68,12,30,62.31453431033644,2,0
69,12,17,64.42993767390267,3,0
70,12,19,59.85811848617002,0,0
71,12,22,52.44933423488728,3,0
72,12,20,58.42895498650292,3,0
73,12,12,64.5481466940372,3,0
74,12,34,50.333255731502966,2,1
75,12,3,45.8006801286468,4,0
76,12,4,55.455430780786635,2,1
77,12,19,58.28272496232077,0,0
78,12,31,47.448693429848944,2,0
79,12,21,63.414816513896284,5,0
80,12,22,61.92168594476348,2,1
81,12,8,62.597478271461526,1,0
82,12,24,77.96579680918026,2,0
83,12,15,69.88093019386463,2,0
84,12,2,59.523309866620835,2,1
85,12,9,42.63510035472989,3,0
86,12,31,53.670698650921366,4,0
87,12,8,66.06191644787322,6,0
88,12,14,44.369924754843254,5,0
89,12,29,55.736978245670926,3,0
90,12,14,53.89446156507094,2,0
91,12,5,61.41043366196108,4,1
92,12,22,50.67802770898549,1,0
93,12,8,57.37351795298739,3,0
94,12,21,55.45755787735907,1,0
95,12,35,63.68722703269266,1,0
96,12,11,56.736264889972816,2,0
97,12,33,62.39147061880891,3,0
98,12,28,52.055924768160764,1,0
99,12,1,52.89725363181955,0,0
100,12,15,59.501072494061084,0,1
101,12,6,56.97343245847552,2,0
102,12,13,67.34329432078451,1,0
103,12,13,60.21245875154733,5,0
104,12,33,63.80223894792626,2,0
105,12,25,64.3109106756059,9,1
106,12,15,46.26155437843703,2,0
107,12,8,71.22122462707755,4,1
108,12,4,76.95416588100547,0,0
109,12,9,58.27454936870905,3,0
110,12,35,59.31663887446793,1,0
111,12,17,55.38347105408181,2,0
112,12,32,73.138504152839,1,0
113,12,32,57.52223063138774,0,0
114,12,5,56.34387286554583,1,0
115,12,23,74.40624913948587,1,0
116,12,33,54.13828547077267,5,0
117,12,13,52.31992089236077,1,1
118,12,13,54.05634396375028,3,0
119,12,22,67.80869952768003,1,0
120,12,31,57.388389970721306,2,0
121,12,14,56.0424709331962,1,0
122,12,25,60.33236515235782,2,1
123,12,29,65.56201783054564,4,1
124,12,19,56.351766764698276,1,0
125,12,35,63.89743851633389,3,1
126,12,31,54.84261610270265,1,0
127,12,28,56.21945264783025,1,0
128,12,25,50.17456250132579,4,0
129,12,11,63.06280322015979,3,1
130,12,7,62.67094288090127,1,0
131,12,29,56.88357532626418,0,1
132,12,19,73.1743287899223,1,0
133,12,25,50.51819715289246,3,0
134,12,6,60.595008978407435,1,0
135,12,4,72.38488716601407,3,0
136,12,14,57.74460798309102,2,1
137,12,25,58.161950935388745,2,0
138,12,13,60.91139250874744,1,1
139,12,4,53.65872667382098,4,0
140,12,27,49.24234597108658,0,0
141,12,23,63.018488694031085,5,0
142,12,9,73.92370811285753,4,0
143,12,28,73.44832305182778,2,0
144,12,28,58.17300064313382,3,0
145,12,5,52.547669823409336,2,0
146,12,29,69.52112394469472,1,1
147,12,20,61.14527244559065,3,0
148,12,33,48.36885318879877,5,1
149,12,19,63.202550614245794,4,0
150,12,32,49.143213244806944,2,0
151,12,9,61.08854745976438,0,0
152,12,20,76.00972975215205,2,0
153,12,29,52.2088230678346,1,0
154,12,5,58.66809317895172,4,1
155,12,1,63.51369459731441,2,1
156,12,12,67.62003563905631,2,0
157,12,14,54.03041222156657,2,0
158,12,17,59.126567113516444,1,0
159,12,35,53.39582520497191,3,0
160,12,17,59.3421464899093,2,0
161,12,34,47.56172086315666,2,0
162,12,24,44.245659369144256,3,0
163,12,19,66.5163253557076,0,1
164,12,31,61.46183339740843,4,0
165,12,21,56.86539304894102,1,0
166,12,1,65.71122326860515,1,0
167,12,31,56.47684426306286,5,0
168,12,4,65.66515911368542,2,0
169,12,20,56.61237555215648,2,0
170,12,35,61.58601201282078,2,0
171,12,31,53.97481336057572,6,1
172,12,18,57.318492426050724,0,0
173,12,19,67.26014222114661,3,0
174,12,35,66.58703762482682,4,0
175,12,31,62.30800389144199,5,0
176,12,7,57.02713936229932,0,0
177,12,13,63.44763725386634,3,1
178,12,25,64.41171358416115,1,0
179,12,10,59.95696740640519,1,0
180,12,23,60.3500574312335,2,0
181,12,13,66.9756124580398,3,0
182,12,7,68.16093843489124,3,0
183,12,1,68.45383427215523,1,0
184,12,15,62.61621466424262,2,0
185,12,26,63.50691808171598,1,0
186,12,1,59.60377627831268,1,0
187,12,22,58.082051968367516,2,1
188,12,8,66.36119734472594,4,0
189,12,20,61.99849260794737,2,0
190,12,34,67.9866887542459,1,0
191,12,24,56.40856244000259,1,0
192,12,21,56.397909361485944,4,0
193,12,15,72.62442326679032,1,0
194,12,19,67.59018375087881,4,0
195,12,22,69.06364300604292,0,0
196,12,1,63.84368215154128,1,0
197,12,9,47.14300191386376,3,0
198,12,32,65.83493211502248,3,0
199,12,30,65.41593692039038,1,0
